一级字表	二级字表	三级字表
一		
丁		
七		
万		
丈		
三		
上		
下		
不		
与		
丐		
丑		
专		
且		
世		
丘		
丙		
业		
丛		
东		
丝		
丢		
两		
严		
丧		
个		
丫		
中		
丰		
串		
临		
丸		
丹		
为		
主		
丽		
举		
乃		
久		
么		
义		
之		
乌		
乍		
乎		
乏		
乐		
乒		
乓		
乔		
乖		
乘		
乙		
九		
乞		
也		
习		
乡		
书		
买		
乱		
乳		
乾		
了		
予		
争		
事		
二		
于		
亏		
云		
互		
五		
井		
亚		
些		
亡		
亢		
交		
亥		
亦		
产		
亩		
享		
京		
亭		
亮		
亲		
人		
亿		
什		
仁		
仅		
仆		
仇		
今		
介		
仍		
从		
仑		
仓		
仔		
他		
仗		
付		
仙		
代		
令		
以		
仪		
们		
仰		
仲		
件		
价		
任		
份		
仿		
企		
伊		
伍		
伏		
伐		
休		
众		
优		
伙		
会		
伞		
伟		
传		
伤		
伦		
伪		
伯		
估		
伴		
伶		
伸		
伺		
似		
佃		
但		
位		
低		
住		
佐		
佑		
体		
何		
余		
佛		
作		
你		
佣		
佩		
佳		
使		
侄		
侈		
例		
侍		
供		
依		
侠		
侣		
侥		
侦		
侧		
侨		
侮		
侯		
侵		
便		
促		
俄		
俊		
俏		
俐		
俗		
俘		
保		
信		
俩		
俭		
修		
俯		
俱		
俺		
倍		
倒		
倔		
倘		
候		
倚		
借		
倡		
倦		
债		
值		
倾		
假		
偎		
偏		
做		
停		
健		
偶		
偷		
偿		
傅		
傍		
储		
催		
傲		
傻		
像		
僚		
僧		
僵		
僻		
儒		
儿		
允		
元		
兄		
充		
兆		
先		
光		
克		
免		
兑		
兔		
党		
兜		
兢		
入		
全		
八		
公		
六		
兰		
共		
关		
兴		
兵		
其		
具		
典		
兹		
养		
兼		
兽		
冀		
内		
冈		
冉		
册		
再		
冒		
冗		
写		
军		
农		
冠		
冤		
冥		
冬		
冯		
冰		
冲		
决		
况		
冶		
冷		
冻		
净		
凄		
准		
凉		
凌		
减		
凑		
凛		
凝		
几		
凡		
凤		
凭		
凯		
凰		
凳		
凶		
凸		
凹		
出		
击		
函		
凿		
刀		
刁		
刃		
分		
切		
刊		
刑		
划		
列		
刘		
则		
刚		
创		
初		
删		
判		
刨		
利		
别		
刮		
到		
制		
刷		
券		
刹		
刺		
刻		
剂		
剃		
削		
前		
剑		
剔		
剖		
剥		
剧		
剩		
剪		
副		
割		
剿		
劈		
力		
劝		
办		
功		
加		
务		
劣		
动		
助		
努		
劫		
励		
劲		
劳		
势		
勃		
勇		
勉		
勋		
勒		
勘		
募		
勤		
勺		
勾		
勿		
匀		
包		
匆		
匈		
匕		
化		
北		
匙		
匠		
匣		
匪		
匹		
区		
医		
匾		
匿		
十		
千		
升		
午		
卉		
半		
华		
协		
卑		
卒		
卓		
单		
卖		
南		
博		
卜		
占		
卡		
卢		
卤		
卦		
卧		
卫		
卯		
印		
危		
即		
却		
卵		
卷		
卸		
卿		
厂		
厅		
历		
厉		
压		
厌		
厕		
厘		
厚		
原		
厢		
厦		
厨		
去		
县		
叁		
参		
又		
叉		
及		
友		
双		
反		
发		
叔		
取		
受		
变		
叙		
叛		
叠		
口		
古		
句		
另		
叨		
叩		
只		
叫		
召		
叭		
叮		
可		
台		
史		
右		
叶		
号		
司		
叹		
叼		
叽		
吁		
吃		
各		
吆		
合		
吉		
吊		
同		
名		
后		
吏		
吐		
向		
吓		
吕		
吗		
君		
吝		
吞		
吟		
吠		
否		
吧		
吨		
吩		
含		
听		
吭		
吮		
启		
吱		
吴		
吵		
吸		
吹		
吻		
吼		
吾		
呀		
呆		
呈		
告		
呐		
呕		
员		
呛		
呜		
呢		
周		
味		
呵		
呻		
呼		
命		
咄		
咋		
和		
咏		
咐		
咒		
咕		
咖		
咙		
咧		
咨		
咪		
咬		
咱		
咳		
咸		
咽		
哀		
品		
哄		
哆		
哇		
哈		
哉		
响		
哎		
哑		
哗		
哟		
哥		
哦		
哨		
哩		
哪		
哭		
哮		
哲		
哺		
哼		
唁		
唆		
唇		
唉		
唐		
唠		
唤		
唧		
唬		
售		
唯		
唱		
唾		
啃		
啄		
商		
啊		
啡		
啤		
啥		
啦		
啪		
啰		
啸		
啼		
喂		
善		
喇		
喉		
喊		
喘		
喜		
喝		
喧		
喳		
喷		
喻		
嗅		
嗓		
嗜		
嗡		
嗦		
嗽		
嘀		
嘉		
嘛		
嘱		
嘲		
嘴		
嘶		
嘹		
嘻		
嘿		
器		
噩		
噪		
嚎		
嚣		
嚷		
嚼		
囊		
囚		
四		
回		
因		
团		
囤		
园		
困		
囱		
围		
固		
国		
图		
圃		
圆		
圈		
土		
圣		
在		
地		
场		
圾		
址		
均		
坊		
坎		
坏		
坐		
坑		
块		
坚		
坛		
坝		
坟		
坠		
坡		
坤		
坦		
坪		
坯		
坷		
垂		
垃		
垄		
型		
垒		
垛		
垢		
垦		
垫		
垮		
埂		
埃		
埋		
城		
域		
埠		
培		
基		
堂		
堆		
堕		
堡		
堤		
堪		
堰		
堵		
塌		
塑		
塔		
塘		
塞		
填		
境		
墅		
墓		
墙		
增		
墟		
墨		
墩		
壁		
壤		
士		
壬		
壮		
声		
壳		
壶		
壹		
处		
备		
复		
夏		
夕		
外		
多		
夜		
够		
大		
天		
太		
夫		
夭		
央		
夯		
失		
头		
夷		
夸		
夹		
夺		
奇		
奈		
奉		
奋		
奏		
契		
奔		
奖		
套		
奠		
奢		
奥		
女		
奴		
奶		
奸		
她		
好		
如		
妃		
妄		
妆		
妇		
妈		
妒		
妓		
妖		
妙		
妥		
妨		
妮		
妹		
妻		
姆		
姊		
始		
姐		
姑		
姓		
委		
姚		
姜		
姥		
姨		
姻		
姿		
威		
娃		
娄		
娇		
娘		
娜		
娟		
娥		
娱		
娶		
婆		
婉		
婚		
婪		
婴		
婶		
婿		
媒		
媚		
媳		
嫁		
嫂		
嫉		
嫌		
嫩		
子		
孔		
孕		
字		
存		
孙		
孝		
孟		
季		
孤		
学		
孩		
孵		
孽		
宁		
它		
宅		
宇		
守		
安		
宋		
完		
宏		
宗		
官		
宙		
定		
宛		
宜		
宝		
实		
宠		
审		
客		
宣		
室		
宦		
宪		
宫		
宰		
害		
宴		
宵		
家		
容		
宽		
宾		
宿		
寂		
寄		
寅		
密		
寇		
富		
寒		
寓		
寝		
寞		
察		
寡		
寥		
寨		
寸		
对		
寺		
寻		
导		
寿		
封		
射		
将		
尉		
尊		
小		
少		
尔		
尖		
尘		
尚		
尝		
尤		
尧		
尬		
就		
尴		
尸		
尺		
尼		
尽		
尾		
尿		
局		
屁		
层		
居		
屈		
屉		
届		
屋		
屎		
屏		
屑		
展		
属		
屠		
屡		
履		
屯		
山		
屹		
屿		
岁		
岂		
岔		
岖		
岗		
岛		
岩		
岭		
岳		
岸		
峡		
峦		
峨		
峭		
峰		
峻		
崇		
崎		
崔		
崖		
崛		
崩		
崭		
嵌		
巅		
巍		
川		
州		
巡		
巢		
工		
左		
巧		
巨		
巩		
巫		
差		
己		
已		
巳		
巴		
巷		
巾		
币		
市		
布		
帅		
帆		
师		
希		
帐		
帕		
帖		
帘		
帚		
帜		
帝		
带		
席		
帮		
帷		
常		
帽		
幅		
幌		
幕		
幢		
干		
平		
年		
并		
幸		
幻		
幼		
幽		
广		
庄		
庆		
庇		
床		
序		
庐		
库		
应		
底		
店		
庙		
庚		
府		
庞		
废		
度		
座		
庭		
庵		
庶		
康		
庸		
廉		
廊		
廓		
延		
廷		
建		
开		
异		
弃		
弄		
弊		
式		
弓		
引		
弗		
弘		
弛		
弟		
张		
弥		
弦		
弧		
弯		
弱		
弹		
强		
归		
当		
录		
形		
彤		
彩		
彪		
彬		
彭		
彰		
影		
役		
彻		
彼		
往		
征		
径		
待		
很		
徊		
律		
徐		
徒		
得		
徘		
徙		
御		
循		
微		
德		
徽		
心		
必		
忆		
忌		
忍		
志		
忘		
忙		
忠		
忧		
快		
忱		
念		
忽		
忿		
怀		
态		
怎		
怒		
怔		
怕		
怖		
怜		
思		
怠		
怡		
急		
性		
怨		
怪		
怯		
总		
恃		
恋		
恍		
恐		
恒		
恕		
恢		
恤		
恨		
恩		
恬		
恭		
息		
恰		
恳		
恶		
恼		
悄		
悉		
悍		
悔		
悖		
悟		
悠		
患		
悦		
您		
悬		
悯		
悲		
悴		
悼		
情		
惊		
惋		
惑		
惕		
惜		
惟		
惠		
惦		
惧		
惨		
惩		
惫		
惭		
惯		
惰		
想		
惶		
惹		
愁		
愈		
愉		
意		
愕		
愚		
感		
愣		
愤		
愧		
愿		
慈		
慌		
慎		
慕		
慢		
慧		
慨		
慰		
慷		
憋		
憎		
憔		
憨		
憾		
懂		
懈		
懊		
懒		
懦		
戈		
戊		
戌		
戎		
戏		
成		
我		
戒		
或		
战		
戚		
截		
戳		
戴		
户		
房		
所		
扁		
扇		
手		
才		
扎		
扑		
扒		
打		
扔		
托		
扛		
扣		
执		
扩		
扫		
扬		
扭		
扮		
扯		
扰		
扳		
扶		
批		
扼		
找		
承		
技		
抄		
把		
抑		
抒		
抓		
投		
抖		
抗		
折		
抚		
抛		
抠		
抡		
抢		
护		
报		
披		
抬		
抱		
抵		
抹		
押		
抽		
拂		
拄		
担		
拆		
拇		
拉		
拌		
拍		
拎		
拐		
拒		
拓		
拔		
拖		
拗		
拘		
拙		
招		
拜		
拟		
拢		
拣		
拥		
拦		
拧		
拨		
择		
括		
拭		
拯		
拱		
拳		
拴		
拷		
拼		
拽		
拾		
拿		
持		
挂		
指		
按		
挎		
挑		
挖		
挚		
挟		
挠		
挡		
挣		
挤		
挥		
挨		
挪		
挫		
振		
挺		
挽		
捂		
捅		
捆		
捉		
捌		
捍		
捎		
捏		
捐		
捕		
捞		
损		
捡		
换		
捣		
捧		
据		
捶		
捷		
捺		
捻		
掀		
掂		
授		
掉		
掌		
掏		
掐		
排		
掘		
掠		
探		
接		
控		
推		
掩		
措		
掰		
掷		
掺		
揉		
揍		
描		
提		
插		
握		
揣		
揩		
揪		
揭		
援		
揽		
搀		
搁		
搂		
搅		
搏		
搓		
搔		
搜		
搞		
搬		
搭		
携		
摄		
摆		
摇		
摊		
摔		
摘		
摧		
摩		
摸		
摹		
撇		
撑		
撒		
撕		
撞		
撤		
撩		
撬		
播		
撮		
撰		
撵		
撼		
擂		
擅		
操		
擎		
擒		
擦		
攀		
支		
收		
改		
攻		
放		
政		
故		
效		
敌		
敏		
救		
教		
敛		
敞		
敢		
散		
敦		
敬		
数		
敲		
整		
敷		
文		
斋		
斌		
斑		
斗		
料		
斜		
斟		
斤		
斥		
斧		
斩		
断		
斯		
新		
方		
施		
旁		
旅		
旋		
族		
旗		
无		
既		
日		
旦		
旧		
旨		
早		
旬		
旭		
旱		
时		
旷		
旺		
昂		
昆		
昌		
明		
昏		
易		
昔		
星		
映		
春		
昧		
昨		
昭		
是		
昼		
显		
晃		
晋		
晌		
晒		
晓		
晕		
晚		
晦		
晨		
普		
景		
晰		
晴		
晶		
智		
晾		
暂		
暇		
暑		
暖		
暗		
暮		
暴		
曙		
曝		
曰		
曲		
更		
曹		
曼		
曾		
替		
最		
月		
有		
朋		
服		
朗		
望		
朝		
期		
朦		
木		
未		
末		
本		
术		
朱		
朴		
朵		
机		
朽		
杀		
杂		
权		
杆		
杉		
李		
杏		
材		
村		
杖		
杜		
束		
杠		
条		
来		
杨		
杭		
杯		
杰		
松		
板		
极		
构		
枉		
析		
枕		
林		
枚		
果		
枝		
枢		
枣		
枪		
枫		
枯		
架		
柄		
柏		
某		
柑		
柒		
染		
柔		
柜		
柠		
查		
柬		
柱		
柳		
柴		
柿		
栅		
标		
栈		
栋		
栏		
树		
栓		
栖		
栗		
校		
株		
样		
核		
根		
格		
栽		
桂		
桃		
框		
案		
桌		
桐		
桑		
桔		
档		
桥		
桦		
桨		
桩		
桶		
梁		
梅		
梆		
梗		
梢		
梦		
梧		
梨		
梭		
梯		
械		
梳		
检		
棉		
棋		
棍		
棒		
棕		
棘		
棚		
棠		
森		
棱		
棵		
棺		
椅		
植		
椎		
椒		
椭		
椰		
椿		
楚		
楷		
楼		
概		
榄		
榆		
榔		
榕		
榜		
榨		
榴		
槐		
槛		
槽		
樟		
模		
横		
樱		
橄		
橘		
橙		
橡		
橱		
檀		
檐		
檬		
欠		
次		
欢		
欣		
欧		
欲		
欺		
款		
歇		
歉		
歌		
止		
正		
此		
步		
武		
歧		
歪		
歹		
死		
歼		
殃		
殉		
殊		
残		
殖		
殴		
段		
殷		
殿		
毁		
毅		
母		
每		
毒		
比		
毕		
毙		
毛		
毡		
毫		
毯		
氏		
民		
氓		
气		
氛		
氢		
氧		
氨		
氮		
氯		
水		
永		
汁		
求		
汇		
汉		
汗		
汛		
汝		
汞		
江		
池		
污		
汤		
汪		
汰		
汹		
汽		
沁		
沃		
沈		
沉		
沐		
沙		
沛		
沟		
没		
沥		
沦		
沧		
沪		
沫		
沮		
河		
沸		
油		
治		
沼		
沽		
沾		
沿		
泄		
泉		
泊		
泌		
法		
泛		
泞		
泡		
波		
泣		
泥		
注		
泪		
泰		
泳		
泵		
泻		
泼		
泽		
洁		
洋		
洒		
洗		
洛		
洞		
津		
洪		
洲		
活		
洼		
洽		
派		
流		
浅		
浆		
浇		
浊		
测		
济		
浏		
浑		
浓		
浙		
浦		
浩		
浪		
浮		
浴		
海		
浸		
涂		
消		
涉		
涌		
涕		
涛		
涝		
涡		
涣		
涤		
润		
涧		
涨		
涩		
涮		
涯		
液		
涵		
淀		
淆		
淋		
淌		
淑		
淘		
淡		
淤		
淫		
淮		
深		
淳		
混		
淹		
添		
清		
渊		
渐		
渔		
渗		
渝		
渠		
渡		
渣		
渤		
温		
港		
渲		
渴		
游		
渺		
湃		
湖		
湘		
湾		
湿		
溃		
溅		
溉		
源		
溜		
溢		
溪		
溯		
溶		
溺		
滇		
滋		
滑		
滔		
滚		
滞		
满		
滤		
滥		
滨		
滩		
滴		
漂		
漆		
漏		
漓		
演		
漠		
漫		
漱		
漾		
潇		
潘		
潜		
潭		
潮		
澄		
澈		
澎		
澜		
澡		
澳		
激		
濒		
瀑		
灌		
火		
灭		
灯		
灰		
灵		
灶		
灸		
灼		
灾		
灿		
炉		
炊		
炎		
炒		
炕		
炫		
炬		
炭		
炮		
炸		
点		
炼		
烁		
烂		
烈		
烘		
烙		
烛		
烟		
烤		
烦		
烧		
烫		
热		
烹		
焉		
焊		
焕		
焚		
焦		
焰		
然		
煌		
煎		
煞		
煤		
照		
煮		
煽		
熄		
熊		
熏		
熔		
熙		
熟		
熬		
燃		
燕		
燥		
爆		
爪		
爬		
爱		
爵		
父		
爷		
爸		
爹		
爽		
片		
版		
牌		
牙		
牛		
牡		
牢		
牧		
物		
牲		
牵		
特		
牺		
犀		
犁		
犬		
犯		
状		
犹		
狂		
狈		
狐		
狗		
狞		
狠		
狡		
独		
狭		
狮		
狰		
狱		
狸		
狼		
猎		
猖		
猛		
猜		
猩		
猪		
猫		
猬		
献		
猴		
猾		
猿		
玄		
率		
玉		
王		
玖		
玛		
玩		
玫		
环		
现		
玲		
玷		
玻		
珊󠄁		
珍		
珠		
班		
球		
琅		
理		
琉		
琐		
琢		
琳		
琴		
琼		
瑙		
瑞		
瑟		
瑰		
璃		
璧		
瓜		
瓢		
瓣		
瓤		
瓦		
瓶		
瓷		
甘		
甚		
甜		
生		
甥		
用		
甩		
甫		
田		
由		
甲		
申		
电		
男		
甸		
画		
畅		
界		
畏		
畔		
留		
畜		
略		
番		
畴		
畸		
疆		
疏		
疑		
疗		
疙		
疚		
疟		
疤		
疫		
疮		
疯		
疲		
疹		
疼		
疾		
病		
症		
痊		
痒		
痕		
痘		
痛		
痢		
痪		
痰		
痴		
痹		
瘟		
瘤		
瘦		
瘩		
瘪		
瘫		
瘸		
瘾		
癌		
癣		
癸		
登		
白		
百		
皂		
的		
皆		
皇		
皓		
皖		
皮		
皱		
皿		
盆		
盈		
益		
盏		
盐		
监		
盒		
盔		
盖		
盗		
盘		
盛		
盟		
目		
盯		
盲		
直		
相		
盹		
盼		
盾		
省		
眉		
看		
真		
眠		
眨		
眯		
眶		
眷		
眼		
着		
睁		
睐		
睛		
睡		
督		
睦		
睫		
睬		
睹		
瞄		
瞅		
瞎		
瞒		
瞧		
瞩		
瞪		
瞬		
瞭		
瞳		
瞻		
矗		
矛		
矢		
矣		
知		
矩		
矫		
短		
矮		
石		
矾		
矿		
码		
砂		
砌		
砍		
研		
砖		
砚		
砰		
破		
砸		
砾		
础		
硅		
硕		
硝		
硫		
硬		
确		
碌		
碍		
碎		
碑		
碗		
碘		
碟		
碧		
碰		
碱		
碳		
碾		
磁		
磅		
磊		
磕		
磨		
磷		
礁		
示		
礼		
社		
祀		
祈		
祖		
祝		
神		
祟		
祠		
祥		
票		
祭		
祷		
祸		
禀		
禁		
禄		
禅		
福		
禹		
离		
禽		
禾		
秀		
私		
秃		
秆		
秉		
秋		
种		
科		
秒		
秘		
租		
秤		
秦		
秧		
秩		
积		
称		
秸		
移		
秽		
稀		
程		
稍		
税		
稚		
稠		
稳		
稻		
稼		
稽		
稿		
穆		
穗		
穴		
究		
穷		
空		
穿		
突		
窃		
窄		
窍		
窑		
窒		
窖		
窗		
窘		
窜		
窝		
窟		
窥		
窿		
立		
竖		
站		
竞		
竟		
章		
竣		
童		
竭		
端		
竹		
竿		
笋		
笑		
笔		
笙		
笛		
符		
笨		
第		
笼		
等		
筋		
筏		
筐		
筑		
筒		
答		
策		
筛		
筝		
筷		
筹		
签		
简		
箕		
算		
管		
箩		
箫		
箭		
箱		
篇		
篓		
篡		
篮		
篱		
篷		
簇		
簧		
簸		
簿		
籍		
米		
类		
籽		
粉		
粒		
粗		
粘		
粟		
粤		
粥		
粪		
粮		
粱		
粹		
精		
糊		
糕		
糖		
糙		
糟		
糠		
糯		
系		
紊		
素		
索		
紧		
紫		
累		
絮		
繁		
纠		
红		
纤		
约		
级		
纪		
纫		
纬		
纯		
纱		
纲		
纳		
纵		
纷		
纸		
纹		
纺		
纽		
线		
练		
组		
绅		
细		
织		
终		
绊		
绍		
绎		
经		
绑		
绒		
结		
绕		
绘		
给		
绚		
络		
绝		
绞		
统		
绢		
绣		
继		
绩		
绪		
续		
绰		
绳		
维		
绵		
绷		
绸		
综		
绽		
绿		
缀		
缅		
缆		
缉		
缎		
缓		
缔		
缕		
编		
缘		
缚		
缝		
缠		
缤		
缩		
缭		
缰		
缴		
缸		
缺		
罐		
网		
罕		
罗		
罚		
罢		
罩		
罪		
置		
署		
羊		
美		
羔		
羚		
羞		
羡		
群		
羹		
羽		
翁		
翅		
翔		
翘		
翠		
翩		
翰		
翻		
翼		
耀		
老		
考		
者		
而		
耍		
耐		
耕		
耗		
耘		
耙		
耳		
耸		
耻		
耽		
耿		
聂		
聆		
聊		
聋		
职		
联		
聘		
聚		
聪		
肃		
肆		
肇		
肉		
肋		
肌		
肖		
肘		
肚		
肛		
肝		
肠		
股		
肢		
肤		
肥		
肩		
肪		
肮		
肯		
育		
肴		
肺		
肾		
肿		
胀		
胁		
胃		
胆		
背		
胎		
胖		
胚		
胜		
胞		
胡		
胧		
胰		
胳		
胶		
胸		
能		
脂		
脆		
脉		
脊		
脏		
脐		
脑		
脓		
脖		
脚		
脯		
脱		
脸		
脾		
腊		
腋		
腐		
腔		
腕		
腥		
腮		
腰		
腹		
腺		
腻		
腾		
腿		
膀		
膊		
膏		
膛		
膜		
膝		
膨		
臀		
臂		
臊		
臣		
自		
臭		
至		
致		
臼		
舀		
舅		
舆		
舌		
舍		
舒		
舔		
舞		
舟		
航		
般		
舰		
舱		
舵		
舶		
船		
艇		
艘		
良		
艰		
色		
艳		
艺		
艾		
节		
芋		
芒		
芙		
芜		
芝		
芥		
芦		
芬		
芭		
芯		
花		
芳		
芹		
芽		
苇		
苍		
苏		
苑		
苔		
苗		
苛		
苞		
苟		
若		
苦		
英		
苹		
茁		
茂		
范		
茄		
茅		
茉		
茎		
茧		
茫		
茬		
茵		
茶		
茸		
荆		
草		
荐		
荒		
荔		
荡		
荣		
荤		
荧		
荫		
药		
荷		
莉		
莫		
莱		
莲		
获		
莹		
莺		
莽		
菇		
菊		
菌		
菜		
菠		
菩		
菱		
菲		
萄		
萌		
萍		
萎		
萝		
萤		
营		
萧		
萨		
落		
著		
葛		
葡		
董		
葫		
葬		
葱		
葵		
蒂		
蒋		
蒙		
蒜		
蒲		
蒸		
蓄		
蓉		
蓝		
蓬		
蔑		
蔓		
蔗		
蔚		
蔡		
蔬		
蔼		
蔽		
蕉		
蕊		
蕴		
蕾		
薄		
薇		
薛		
薪		
薯		
藉		
藏		
藐		
藕		
藤		
藻		
蘑		
虎		
虏		
虐		
虑		
虚		
虫		
虹		
虽		
虾		
蚀		
蚁		
蚂		
蚊		
蚌		
蚓		
蚕		
蚣		
蚤		
蚪		
蚯		
蛀		
蛇		
蛋		
蛙		
蛛		
蛤		
蛮		
蛾		
蜀		
蜂		
蜈		
蜒		
蜓		
蜕		
蜗		
蜘		
蜜		
蜡		
蜻		
蝇		
蝉		
蝌		
蝎		
蝗		
蝙		
蝠		
蝴		
蝶		
螃		
融		
螺		
蟀		
蟆		
蟋		
蟹		
蠕		
蠢		
血		
衅		
行		
衍		
衔		
街		
衙		
衡		
衣		
补		
表		
衫		
衬		
衰		
衷		
袁		
袄		
袋		
袍		
袖		
袜		
被		
袭		
袱		
裁		
裂		
装		
裕		
裙		
裤		
裳		
裸		
裹		
褂		
褐		
褒		
褥		
褪		
襟		
西		
要		
覆		
见		
观		
规		
觅		
视		
览		
觉		
角		
解		
触		
言		
誉		
誊		
誓		
警		
譬		
计		
订		
认		
讥		
讨		
让		
训		
议		
讯		
记		
讲		
讳		
讶		
许		
讹		
论		
讼		
讽		
设		
访		
诀		
证		
评		
识		
诈		
诉		
诊		
词		
译		
试		
诗		
诚		
话		
诞		
诡		
询		
该		
详		
诫		
诬		
语		
误		
诱		
诲		
说		
诵		
请		
诸		
诺		
读		
诽		
课		
谁		
调		
谅		
谆		
谈		
谊		
谋		
谍		
谎		
谐		
谓		
谚		
谜		
谢		
谣		
谤		
谦		
谨		
谬		
谭		
谱		
谴		
谷		
豁		
豆		
豌		
豚		
象		
豪		
豫		
豹		
豺		
貌		
贝		
贞		
负		
贡		
财		
责		
贤		
败		
账		
货		
质		
贩		
贪		
贫		
贬		
购		
贮		
贯		
贰		
贱		
贴		
贵		
贷		
贸		
费		
贺		
贻		
贼		
贾		
贿		
赁		
赂		
赃		
资		
赋		
赌		
赎		
赏		
赐		
赔		
赖		
赘		
赚		
赛		
赞		
赠		
赡		
赢		
赣		
赤		
赦		
赫		
走		
赴		
赵		
赶		
起		
趁		
超		
越		
趋		
趟		
趣		
足		
趴		
趾		
跃		
跋		
跌		
跑		
跛		
距		
跟		
跤		
跨		
跪		
路		
跳		
践		
跷		
跺		
踊		
踏		
踢		
踩		
踪		
踱		
蹂		
蹄		
蹈		
蹋		
蹦		
蹬		
蹭		
蹲		
躁		
躏		
身		
躬		
躯		
躲		
躺		
车		
轧		
轨		
轩		
转		
轮		
软		
轰		
轴		
轻		
载		
轿		
较		
辅		
辆		
辈		
辉		
辐		
辑		
输		
辖		
辗		
辙		
辛		
辜		
辞		
辟		
辣		
辨		
辩		
辫		
辰		
辱		
边		
辽		
达		
迁		
迂		
迄		
迅		
过		
迈		
迎		
运		
近		
返		
还		
这		
进		
远		
违		
连		
迟		
迢		
迪		
迫		
迭		
述		
迷		
迹		
追		
退		
送		
适		
逃		
逆		
选		
逊		
透		
逐		
递		
途		
逗		
通		
逛		
逝		
逞		
速		
造		
逢		
逮		
逸		
逻		
逼		
逾		
遂		
遇		
遍		
遏		
道		
遗		
遣		
遥		
遭		
遮		
遵		
避		
邀		
邑		
邓		
那		
邦		
邪		
邮		
邻		
郁		
郊		
郎		
郑		
部		
郭		
都		
鄂		
鄙		
酉		
酌		
配		
酒		
酗		
酝		
酣		
酥		
酪		
酬		
酱		
酵		
酷		
酸		
酿		
醇		
醉		
醋		
醒		
采		
释		
里		
重		
野		
量		
金		
鉴		
针		
钉		
钓		
钙		
钝		
钞		
钟		
钠		
钢		
钥		
钦		
钧		
钩		
钮		
钱		
钳		
钻		
钾		
铁		
铃		
铅		
铐		
铛		
铜		
铝		
铭		
铲		
银		
铸		
铺		
链		
销		
锁		
锄		
锅		
锈		
锋		
锌		
锐		
错		
锚		
锡		
锣		
锤		
锥		
锦		
键		
锯		
锰		
锹		
锻		
镀		
镇		
镐		
镑		
镜		
镰		
镶		
长		
门		
闪		
闭		
问		
闯		
闰		
闲		
间		
闷		
闸		
闹		
闺		
闻		
闽		
阀		
阁		
阅		
阎		
阐		
阔		
队		
防		
阳		
阴		
阵		
阶		
阻		
阿		
附		
际		
陆		
陈		
陋		
陌		
降		
限		
陕		
陡		
院		
除		
陨		
险		
陪		
陵		
陶		
陷		
隅		
隆		
隋		
随		
隐		
隔		
隘		
隙		
障		
隧		
隶		
难		
雀		
雁		
雄		
雅		
集		
雇		
雌		
雏		
雕		
雨		
雪		
雳		
零		
雷		
雹		
雾		
需		
霄		
震		
霉		
霍		
霎		
霜		
霞		
露		
霸		
霹		
青		
靖		
静		
非		
靠		
靡		
面		
革		
靴		
靶		
鞋		
鞍		
鞠		
鞭		
韧		
韩		
韭		
音		
韵		
页		
顶		
顷		
项		
顺		
须		
顽		
顾		
顿		
颁		
颂		
预		
颅		
领		
颇		
颈		
颊		
频		
颓		
颖		
颗		
题		
颜		
额		
颠		
颤		
风		
飘		
飞		
食		
餐		
饥		
饭		
饮		
饰		
饱		
饲		
饵		
饶		
饺		
饼		
饿		
馁		
馅		
馆		
馈		
馋		
馍		
馏		
馒		
首		
香		
馨		
马		
驮		
驯		
驰		
驱		
驳		
驴		
驶		
驹		
驻		
驼		
驾		
骂		
骄		
骆		
骇		
验		
骏		
骑		
骗		
骚		
骡		
骤		
骨		
髓		
高		
鬓		
鬼		
魁		
魂		
魄		
魅		
魏		
魔		
鱼		
鲁		
鲍		
鲜		
鲤		
鲨		
鲫		
鲸		
鳄		
鳍		
鳖		
鳞		
鸟		
鸡		
鸣		
鸥		
鸦		
鸭		
鸯		
鸳		
鸵		
鸽		
鸿		
鹃		
鹅		
鹉		
鹊		
鹏		
鹤		
鹦		
鹰		
鹿		
麦		
麻		
黄		
黎		
黑		
黔		
默		
黯		
鼎		
鼓		
鼠		
鼻		
齐		
齿		
龄		
龙		
龟		
	㤘	
	㧐	
	㧟	
	㸆	
	䁖	
	䏝	
	䥽	
	䦃	
	丏	
	丕	
	丞	
	乂	
	乜	
	乩	
	亓	
	亘	
	亟	
	亨	
	亳	
	亵	
	亶	
	仂	
	仃	
	仄	
	仉	
	仕	
	仞	
	仟	
	仡	
	仨	
	仫	
	仵	
	伉	
	伎	
	伛	
	伢	
	伥	
	伧	
	伫	
	伽	
	佗	
	佘	
	佚	
	佝	
	佞	
	佟	
	佤	
	佥	
	佬	
	佯	
	佰	
	佶	
	佻	
	佼	
	佾	
	侃	
	侉	
	侏	
	侑	
	侔	
	侗	
	侩	
	侪	
	侬	
	俅	
	俎	
	俑	
	俚	
	俞	
	俟	
	俣	
	俦	
	俨	
	俪	
	俳	
	俵	
	俶	
	俸	
	俾	
	倌	
	倏	
	倜	
	倥	
	倨	
	倩	
	倪	
	倬	
	倭	
	偃	
	偈	
	偌	
	偕	
	偬	
	偻	
	偾	
	傀	
	傈	
	傣	
	傥	
	傧	
	傩	
	僖	
	僭	
	僮	
	僰	
	僳	
	儆	
	儋	
	儡	
	兀	
	兕	
	兖	
	兮	
	冕	
	冢	
	冼	
	冽	
	凇	
	凋	
	凫	
	凼	
	刈	
	刍	
	刎	
	刖	
	刭	
	刳	
	刽	
	刿	
	剀	
	剁	
	剋	
	剌	
	剐	
	剜	
	剞	
	剡	
	剽	
	劁	
	劓	
	劢	
	劬	
	劭	
	劼	
	劾	
	勐	
	勖	
	勰	
	匍	
	匏	
	匐	
	匜	
	匝	
	匡	
	匦	
	匮	
	卅	
	卞	
	卟	
	卣	
	卮	
	厄	
	厍	
	厝	
	厥	
	厩	
	厮	
	厾	
	叆	
	叟	
	叱	
	叵	
	叻	
	吡	
	吣	
	吲	
	吽	
	呃	
	呋	
	呒	
	呓	
	呔	
	呖	
	呗	
	呣	
	呤	
	呦	
	呱	
	呲	
	呶	
	呷	
	呸	
	咀	
	咂	
	咆	
	咎	
	咔	
	咚	
	咛	
	咝	
	咣	
	咤	
	咦	
	咩	
	咫	
	咯	
	咴	
	咻	
	咿	
	哂	
	哌	
	哏	
	哐	
	哓	
	哔	
	哕	
	哙	
	哚	
	哝	
	哞	
	哧	
	哽	
	唏	
	唑	
	唔	
	唛	
	唢	
	唣	
	唰	
	唳	
	唵	
	唷	
	唼	
	唿	
	啁	
	啉	
	啐	
	啕	
	啖	
	啜	
	啧	
	啬	
	啭	
	啮	
	啵	
	啶	
	啷	
	啻	
	啾	
	喀	
	喁	
	喃	
	喈	
	喋	
	喏	
	喑	
	喔	
	喙	
	喟	
	喱	
	喵	
	喹	
	喽	
	喾	
	嗄	
	嗉	
	嗌	
	嗍	
	嗐	
	嗑	
	嗒	
	嗔	
	嗖	
	嗝	
	嗞	
	嗟	
	嗣	
	嗤	
	嗥	
	嗨	
	嗪	
	嗫	
	嗬	
	嗯	
	嗲	
	嗳	
	嗵	
	嗷	
	嗾	
	嘁	
	嘈	
	嘌	
	嘎	
	嘘	
	嘚	
	嘞	
	嘟	
	嘡	
	嘣	
	嘤	
	嘧	
	嘬	
	嘭	
	噌	
	噍	
	噎	
	噔	
	噗	
	噘	
	噙	
	噜	
	噢	
	噤	
	噫	
	噬	
	噱	
	噶	
	噻	
	噼	
	嚄	
	嚅	
	嚆	
	嚏	
	嚓	
	嚯	
	囔	
	囟	
	囡	
	囫	
	囵	
	囹	
	囿	
	圄	
	圉	
	圊	
	圜	
	圩	
	圪	
	圬	
	圭	
	圮	
	圯	
	圳	
	圹	
	圻	
	坂	
	坌	
	坍	
	坞	
	坨	
	坩	
	坫	
	坭	
	坳	
	坻	
	坼	
	垆	
	垌	
	垓	
	垠	
	垡	
	垣	
	垤	
	垧	
	垩	
	垭	
	垱	
	垸	
	埒	
	埔	
	埕	
	埘	
	埙	
	埚	
	埝	
	埤	
	埭	
	埯	
	埴	
	埵	
	埸	
	埽	
	堇	
	堉	
	堋	
	堍	
	堑	
	堙	
	堞	
	塄	
	塆	
	塍	
	塬	
	塾	
	墀	
	墁	
	墉	
	墒	
	墼	
	壅	
	壑	
	壕	
	夔	
	夙	
	夤	
	夬	
	夼	
	奁	
	奂	
	奄	
	奎	
	奕	
	奘	
	奚	
	奭	
	妁	
	妊	
	妍	
	妗	
	妞	
	妣	
	妤	
	妩	
	妪	
	妫	
	妯	
	妲	
	妾	
	姒	
	姗	
	姘	
	姝	
	姣	
	姬	
	姮	
	姹	
	娅	
	娆	
	娈	
	娉	
	娌	
	娑	
	娓	
	娠	
	娣	
	娩	
	娲	
	娴	
	娼	
	婀	
	婊	
	婕	
	婢	
	婧	
	婵	
	婷	
	婺	
	媛	
	媪	
	媭	
	媲	
	媵	
	媸	
	媾	
	嫒	
	嫔	
	嫖	
	嫘	
	嫚	
	嫠	
	嫡	
	嫣	
	嫦	
	嫫	
	嫱	
	嬉	
	嬖	
	嬗	
	嬴	
	嬷	
	孀	
	孑	
	孓	
	孚	
	孛	
	孜	
	孢	
	孥	
	孪	
	孬	
	孰	
	孱	
	孳	
	孺	
	宓	
	宕	
	宥	
	宸	
	寐	
	寤	
	寮	
	寰	
	尕	
	尜	
	尥	
	尹	
	尻	
	屐	
	屙	
	屣	
	屦	
	屺	
	岈	
	岌	
	岐	
	岑	
	岘	
	岚	
	岢	
	岣	
	岫	
	岬	
	岱	
	岷	
	岿	
	峁	
	峄	
	峋	
	峒	
	峙	
	峣	
	峤	
	峥	
	峪	
	崂	
	崃	
	崆	
	崚	
	崤	
	崦	
	崮	
	崴	
	崽	
	嵇	
	嵊	
	嵋	
	嵎	
	嵖	
	嵘	
	嵛	
	嵝	
	嵩	
	嵫	
	嵬	
	嵯	
	嵴	
	嶂	
	嶙	
	嶝	
	嶷	
	巉	
	巯	
	巽	
	帏	
	帑	
	帔	
	帙	
	帛	
	帧	
	帻	
	帼	
	幂	
	幄	
	幔	
	幛	
	幞	
	幡	
	幺	
	庋	
	庑	
	庖	
	庠	
	庥	
	庹	
	庾	
	廖	
	廛	
	廨	
	廪	
	廿	
	弁	
	弈	
	弋	
	弑	
	弩	
	弭	
	弼	
	彀	
	彗	
	彘	
	彝	
	彦	
	彧	
	彷	
	徂	
	徇	
	徉	
	徕	
	徜	
	徨	
	徭	
	徵	
	徼	
	忏	
	忐	
	忑	
	忒	
	忖	
	忝	
	忡	
	忤	
	忪	
	忭	
	忸	
	忻	
	忾	
	怂	
	怃	
	怄	
	怅	
	怆	
	怍	
	怏	
	怙	
	怛	
	怦	
	怩	
	怫	
	怵	
	怼	
	怿	
	恁	
	恂	
	恓	
	恙	
	恚	
	恣	
	恪	
	恫	
	恸	
	恹	
	恺	
	恻	
	恽	
	恿	
	悌	
	悒	
	悚	
	悛	
	悝	
	悫	
	悭	
	悱	
	悸	
	悻	
	惆	
	惇	
	惘	
	惚	
	惝	
	惬	
	惮	
	惴	
	惺	
	愀	
	愆	
	愎	
	愔	
	愠	
	愦	
	愫	
	慊	
	慑	
	慝	
	慵	
	憧	
	憩	
	憬	
	懋	
	懑	
	懵	
	懿	
	戆	
	戍	
	戕	
	戗	
	戛	
	戟	
	戡	
	戢	
	戥	
	戬	
	戮	
	戽	
	戾	
	扃	
	扈	
	扉	
	扦	
	扪	
	抃	
	抉	
	抔	
	抟	
	抨	
	抻	
	抿	
	拃	
	拈	
	拊	
	拤	
	拮	
	挈	
	挛	
	挝	
	挞	
	挦	
	挲	
	挹	
	捃	
	捋	
	捩	
	捭	
	捯	
	捽	
	掇	
	掊	
	掖	
	掣	
	掬	
	掮	
	掳	
	掴	
	掸	
	掼	
	掾	
	揄	
	揆	
	揖	
	揠	
	揳	
	揶	
	揸	
	揿	
	搋	
	搐	
	搛	
	搠	
	搡	
	搦	
	搪	
	搴	
	搽	
	摁	
	摅	
	摈	
	摒	
	摞	
	摭	
	摽	
	撂	
	撄	
	撅	
	撙	
	撷	
	撸	
	撺	
	擀	
	擘	
	擞	
	擢	
	擤	
	攉	
	攒	
	攘	
	攥	
	攫	
	攮	
	攸	
	敕	
	敖	
	敝	
	敫	
	斐	
	斓	
	斛	
	斡	
	斫	
	旃	
	旄	
	旆	
	旌	
	旎	
	旒	
	旖	
	旮	
	旯	
	旰	
	旸	
	旻	
	昀	
	昃	
	昉	
	昊	
	昕	
	昙	
	昝	
	昱	
	昴	
	昵	
	昶	
	晁	
	晏	
	晗	
	晞	
	晟	
	晡	
	晤	
	晷	
	暄	
	暌	
	暝	
	暧	
	暨	
	暹	
	暾	
	曛	
	曜	
	曦	
	曩	
	曳	
	曷	
	朐	
	朔	
	朕	
	札	
	杈	
	杌	
	杓	
	杞	
	杪	
	杲	
	杳	
	杵	
	杷	
	杻	
	杼	
	枇	
	枋	
	枞	
	枥	
	枧	
	枨	
	枭	
	枰	
	枳	
	枵	
	枷	
	枸	
	柁	
	柈	
	柘	
	柙	
	柚	
	柝	
	柞	
	柢	
	柩	
	柯	
	柰	
	柽	
	栀	
	栉	
	栊	
	栌	
	栎	
	栝	
	栟	
	栩	
	栲	
	栳	
	栾	
	桀	
	桁	
	桅	
	桉	
	桎	
	桓	
	桕	
	桡	
	桢	
	桤	
	桧	
	桫	
	桴	
	桷	
	梃	
	梏	
	梓	
	梵	
	梿	
	棁	
	棂	
	棣	
	棰	
	棹	
	棻	
	棼	
	椁	
	椋	
	椐	
	椟	
	椠	
	椤	
	椪	
	椴	
	椽	
	楂	
	楔	
	楝	
	楠	
	楣	
	楦	
	楫	
	楮	
	楯	
	楸	
	楹	
	榈	
	榉	
	榖	
	榛	
	榧	
	榫	
	榭	
	榱	
	榷	
	榻	
	槁	
	槊	
	槌	
	槎	
	槔	
	槟	
	槠	
	槭	
	槲	
	槿	
	樊	
	樗	
	樘	
	樨	
	樯	
	樵	
	樽	
	樾	
	橇	
	橐	
	橛	
	橹	
	橼	
	檄	
	檎	
	檗	
	檠	
	檩	
	欤	
	欸	
	歃	
	歆	
	歙	
	殁	
	殂	
	殄	
	殆	
	殇	
	殍	
	殒	
	殓	
	殚	
	殛	
	殡	
	殪	
	毂	
	毋	
	毓	
	毖	
	毗	
	毪	
	毳	
	毹	
	毽	
	氅	
	氆	
	氇	
	氍	
	氐	
	氖	
	氘	
	氙	
	氚	
	氟	
	氡	
	氤	
	氦	
	氩	
	氪	
	氰	
	氲	
	汀	
	汆	
	汊	
	汐	
	汔	
	汕	
	汜	
	汨	
	汩	
	汲	
	汴	
	汶	
	汾	
	沂	
	沅	
	沆	
	沌	
	沏	
	沓	
	沔	
	沚	
	沣	
	沤	
	沨	
	沩	
	沭	
	沱	
	泅	
	泐	
	泓	
	泔	
	泖	
	泗	
	泠	
	泫	
	泮	
	泯	
	泱	
	泷	
	泸	
	泺	
	泾	
	洄	
	洇	
	洌	
	洎	
	洙	
	洧	
	洫	
	洮	
	洱	
	洳	
	洵	
	洹	
	浃	
	浍	
	浒	
	浔	
	浕	
	浚	
	浜	
	浞	
	浠	
	浣	
	浥	
	浯	
	涅	
	涎	
	涑	
	涓	
	涔	
	涞	
	涟	
	涠	
	涪	
	涫	
	涸	
	涿	
	淄	
	淅	
	淇	
	淖	
	淙	
	淝	
	淞	
	淠	
	淦	
	淬	
	渌	
	渍	
	渎	
	渑	
	渚	
	渥	
	渫	
	渭	
	湄	
	湉	
	湍	
	湎	
	湔	
	湛	
	湜	
	湟	
	湫	
	湮	
	湲	
	溆	
	溏	
	溘	
	溟	
	溥	
	溧	
	溱	
	溲	
	溴	
	溷	
	溻	
	溽	
	滁	
	滂	
	滃	
	滏	
	滓	
	滕	
	滗	
	滟	
	滢	
	滦	
	滪	
	滫	
	滹	
	漉	
	漕	
	漩	
	漪	
	漭	
	漯	
	漳	
	漶	
	潋	
	潍	
	潞	
	潟	
	潢	
	潦	
	潲	
	潴	
	潸	
	潺	
	潼	
	澉	
	澌	
	澍	
	澥	
	澧	
	澶	
	澹	
	濂	
	濉	
	濑	
	濞	
	濠	
	濡	
	濮	
	濯	
	瀚	
	瀛	
	瀣	
	灏	
	灞	
	炀	
	炅	
	炔	
	炖	
	炘	
	炙	
	炜	
	炝	
	炯	
	炱	
	炳	
	炷	
	炻	
	炽	
	烀	
	烃	
	烊	
	烜	
	烨	
	烩	
	烬	
	烯	
	烷	
	烽	
	焐	
	焓	
	焖	
	焗	
	焘	
	焙	
	焜	
	焯	
	焱	
	煅	
	煊	
	煜	
	煦	
	煨	
	煲	
	煳	
	煸	
	煺	
	熘	
	熜	
	熠	
	熥	
	熨	
	熵	
	熹	
	燎	
	燔	
	燠	
	燧	
	燮	
	燹	
	爝	
	爨	
	爰	
	爻	
	爿	
	牁	
	牂	
	牍	
	牒	
	牖	
	牝	
	牟	
	牤	
	牦	
	牮	
	牯	
	牾	
	犄	
	犊	
	犋	
	犍	
	犏	
	犒	
	犟	
	犰	
	犷	
	犸	
	狁	
	狄	
	狍	
	狎	
	狒	
	狙	
	狨	
	狩	
	狯	
	狲	
	狳	
	狷	
	狺	
	猁	
	猃	
	猕	
	猗	
	猝	
	猞	
	猡	
	猢	
	猥	
	猱	
	猷	
	猹	
	獐	
	獒	
	獗	
	獠	
	獬	
	獭	
	獴	
	獾	
	玎	
	玑	
	玕	
	玙	
	玠	
	玡	
	玢	
	玥	
	玦	
	玭	
	玮	
	玳	
	玺	
	珀	
	珂	
	珈	
	珉	
	珏	
	珐	
	珑	
	珙	
	珞	
	珣	
	珥	
	珧	
	珩	
	珰	
	珲	
	琇	
	琏	
	琚	
	琛	
	琤	
	琥	
	琦	
	琨	
	琪	
	琫	
	琬	
	琮	
	琯	
	琰	
	琵	
	琶	
	瑁	
	瑄	
	瑕	
	瑗	
	瑚	
	瑛	
	瑜	
	瑭	
	瑶	
	瑾	
	璀	
	璁	
	璇	
	璈	
	璋	
	璎	
	璐	
	璘	
	璜	
	璞	
	璟	
	璠	
	璨	
	璩	
	璪	
	璺	
	瓒	
	瓘	
	瓠	
	瓮	
	瓯	
	瓴	
	瓿	
	甄	
	甍	
	甏	
	甑	
	甬	
	甭	
	町	
	甾	
	畀	
	畈	
	畋	
	畎	
	畚	
	畛	
	畦	
	畲	
	畹	
	畿	
	疃	
	疔	
	疖	
	疝	
	疠	
	疡	
	疣	
	疥	
	疬	
	疭	
	疱	
	疳	
	疴	
	疵	
	疸	
	疽	
	痂	
	痈	
	痉	
	痍	
	痔	
	痞	
	痣	
	痤	
	痦	
	痧	
	痨	
	痫	
	痱	
	痼	
	痿	
	瘁	
	瘃	
	瘆	
	瘊	
	瘌	
	瘐	
	瘘	
	瘙	
	瘛	
	瘠	
	瘢	
	瘰	
	瘳	
	瘴	
	瘵	
	瘼	
	瘿	
	癃	
	癍	
	癔	
	癖	
	癜	
	癞	
	癫	
	癯	
	皈	
	皋	
	皎	
	皑	
	皙	
	皤	
	皲	
	皴	
	盂	
	盅	
	盉	
	盍	
	盎	
	盥	
	盱	
	眄	
	眇	
	眈	
	眊	
	眍	
	眙	
	眦	
	眩	
	眬	
	眭	
	眵	
	眸	
	眺	
	睃	
	睄	
	睇	
	睑	
	睚	
	睢	
	睥	
	睨	
	睽	
	睾	
	睿	
	瞀	
	瞋	
	瞌	
	瞑	
	瞟	
	瞠	
	瞢	
	瞥	
	瞰	
	瞽	
	瞿	
	矍	
	矜	
	矬	
	矶	
	矸	
	砀	
	砒	
	砗	
	砘	
	砜	
	砝	
	砟	
	砣	
	砥	
	砧	
	砭	
	砷	
	砹	
	砺	
	砻	
	砼	
	硇	
	硌	
	硎	
	硐	
	硒	
	硖	
	硗	
	硭	
	硼	
	碇	
	碉	
	碓	
	碚	
	碛	
	碜	
	碡	
	碣	
	碲	
	碴	
	磋	
	磐	
	磔	
	磙	
	磬	
	磲	
	磴	
	礅	
	礓	
	礴	
	祁	
	祆	
	祇	
	祉	
	祎	
	祓	
	祗	
	祚	
	祛	
	祜	
	祢	
	祯	
	祺	
	祾	
	禊	
	禧	
	禳	
	禺	
	秕	
	秣	
	秫	
	秭	
	秾	
	稂	
	稃	
	稔	
	稗	
	稞	
	稣	
	稷	
	穑	
	穰	
	穹	
	窈	
	窕	
	窠	
	窣	
	窦	
	窨	
	窳	
	窸	
	竑	
	竦	
	竺	
	竽	
	笃	
	笄	
	笆	
	笈	
	笊	
	笏	
	笕	
	笞	
	笠	
	笤	
	笥	
	笪	
	笮	
	笳	
	笸	
	笺	
	笾	
	筇	
	筌	
	筚	
	筠	
	筢	
	筮	
	筱	
	筲	
	筵	
	箅	
	箍	
	箐	
	箓	
	箔	
	箜	
	箢	
	箦	
	箧	
	箪	
	箬	
	箴	
	箸	
	篁	
	篆	
	篌	
	篑	
	篙	
	篝	
	篥	
	篦	
	篪	
	篼	
	篾	
	簋	
	簌	
	簖	
	簟	
	簪	
	籀	
	籁	
	籴	
	籼	
	粑	
	粕	
	粜	
	粝	
	粞	
	粲	
	粳	
	粼	
	粽	
	粿	
	糁	
	糅	
	糌	
	糍	
	糗	
	糜	
	糨	
	綦	
	綮	
	縠	
	縻	
	繇	
	纂	
	纛	
	纡	
	纣	
	纥	
	纨	
	纭	
	纰	
	纴	
	纶	
	纾	
	绀	
	绁	
	绂	
	绉	
	绌	
	绔	
	绗	
	绛	
	绠	
	绡	
	绥	
	绦	
	绨	
	绫	
	绮	
	绯	
	绱	
	绲	
	绶	
	绺	
	绻	
	绾	
	缁	
	缂	
	缃	
	缄	
	缇	
	缈	
	缌	
	缑	
	缒	
	缗	
	缙	
	缛	
	缜	
	缟	
	缡	
	缢	
	缣	
	缥	
	缦	
	缧	
	缨	
	缪	
	缫	
	缬	
	缮	
	缯	
	缱	
	缲	
	缳	
	缵	
	缶	
	罂	
	罄	
	罅	
	罔	
	罘	
	罟	
	罡	
	罨	
	罱	
	罴	
	罹	
	罽	
	罾	
	羁	
	羌	
	羑	
	羟	
	羧	
	羯	
	羰	
	羲	
	羸	
	羼	
	羿	
	翊	
	翌	
	翎	
	翕	
	翚	
	翟	
	翡	
	翥	
	翮	
	翱	
	翳	
	耄	
	耆	
	耋	
	耒	
	耖	
	耜	
	耠	
	耢	
	耥	
	耦	
	耧	
	耨	
	耩	
	耪	
	耱	
	耶	
	耷	
	聃	
	聒	
	聩	
	聱	
	聿	
	肄	
	肓	
	肟	
	肫	
	肱	
	肼	
	肽	
	胂	
	胄	
	胍	
	胗	
	胙	
	胛	
	胝	
	胤	
	胥	
	胨	
	胪	
	胫	
	胬	
	胭	
	胯	
	胱	
	胴	
	胺	
	胼	
	脍	
	脒	
	脔	
	脘	
	脬	
	脲	
	腆	
	腈	
	腌	
	腑	
	腓	
	腚	
	腠	
	腧	
	腩	
	腭	
	腱	
	腴	
	腼	
	膂	
	膈	
	膑	
	膘	
	膙	
	膦	
	膳	
	膺	
	膻	
	臃	
	臆	
	臌	
	臜	
	臧	
	臬	
	臻	
	臾	
	舂	
	舄	
	舐	
	舛	
	舜	
	舢	
	舫	
	舴	
	舷	
	舸	
	舻	
	艄	
	艋	
	艟	
	艨	
	艮	
	艽	
	艿	
	芄	
	芊	
	芍	
	芎	
	芑	
	芗	
	芟	
	芡	
	芨	
	芩	
	芪	
	芫	
	芮	
	芷	
	芸	
	芼	
	芾	
	苁	
	苄	
	苈	
	苋	
	苌	
	苎	
	苒	
	苓	
	苕	
	苘	
	苜	
	苡	
	苣	
	苤	
	苫	
	苯	
	苴	
	苷	
	苻	
	茀	
	茆	
	茌	
	茏	
	茑	
	茓	
	茔	
	茕	
	茗	
	茚	
	茜	
	茨	
	茭	
	茯	
	茱	
	茴	
	茹	
	茼	
	荀	
	荃	
	荇	
	荏	
	荑	
	荚	
	荜	
	荞	
	荟	
	荠	
	荥	
	荦	
	荨	
	荩	
	荪	
	荬	
	荮	
	荸	
	荻	
	荼	
	荽	
	莅	
	莆	
	莎	
	莒	
	莓	
	莘	
	莛	
	莜	
	莞	
	莠	
	莨	
	莩	
	莪	
	莳	
	莴	
	莸	
	莼	
	菀	
	菁	
	菅	
	菏	
	菔	
	菖	
	菘	
	菟	
	菡	
	菪	
	菰	
	菹	
	菽	
	萁	
	萃	
	萋	
	萏	
	萑	
	萘	
	萜	
	萦	
	萱	
	萸	
	萼	
	葆	
	葑	
	葚	
	葩	
	葭	
	葳	
	葶	
	葸	
	葺	
	蒌	
	蒗	
	蒟	
	蒡	
	蒯	
	蒴	
	蒹	
	蒺	
	蒽	
	蒿	
	蓁	
	蓊	
	蓍	
	蓐	
	蓑	
	蓓	
	蓖	
	蓟	
	蓠	
	蓥	
	蓦	
	蓼	
	蓿	
	蔟	
	蔫	
	蔷	
	蔸	
	蔺	
	蔻	
	蕃	
	蕈	
	蕖	
	蕙	
	蕞	
	蕤	
	蕨	
	蕲	
	蕺	
	蕻	
	薅	
	薏	
	薜	
	薤	
	薨	
	薮	
	薰	
	薷	
	薹	
	藁	
	藓	
	藜	
	藠	
	藩	
	藿	
	蘅	
	蘖	
	蘧	
	蘩	
	蘸	
	虔	
	虞	
	虢	
	虬	
	虮	
	虱	
	虺	
	虻	
	虼	
	虿	
	蚋	
	蚍	
	蚜	
	蚝	
	蚧	
	蚨	
	蚩	
	蚬	
	蚰	
	蚱	
	蚴	
	蚶	
	蛄	
	蛆	
	蛉	
	蛊	
	蛎	
	蛏	
	蛐	
	蛔	
	蛘	
	蛞	
	蛟	
	蛩	
	蛭	
	蛰	
	蛱	
	蛲	
	蛳	
	蛴	
	蛸	
	蛹	
	蜃	
	蜇	
	蜉	
	蜊	
	蜍	
	蜚	
	蜞	
	蜢	
	蜣	
	蜥	
	蜩	
	蜮	
	蜱	
	蜴	
	蜷	
	蜿	
	蝈	
	蝓	
	蝣	
	蝥	
	蝮	
	蝰	
	蝻	
	蝼	
	蝽	
	蝾	
	螂	
	螅	
	螈	
	螋	
	螟	
	螠	
	螨	
	螫	
	螬	
	螭	
	螯	
	螳	
	螵	
	螽	
	蟊	
	蟑	
	蟒	
	蟛	
	蟠	
	蟥	
	蟪	
	蟮	
	蟾	
	蠊	
	蠓	
	蠖	
	蠡	
	蠲	
	蠹	
	衄	
	衢	
	衩	
	衮	
	衲	
	衽	
	衾	
	衿	
	袂	
	袅	
	袈	
	袒	
	袢	
	袤	
	袷	
	裆	
	裉	
	裎	
	裒	
	裔	
	裘	
	裟	
	裢	
	裥	
	裨	
	裰	
	裱	
	裴	
	裾	
	褊	
	褓	
	褙	
	褚	
	褛	
	褟	
	褡	
	褫	
	褰	
	褴	
	褶	
	襁	
	襄	
	襞	
	襦	
	襻	
	覃	
	觇	
	觊	
	觋	
	觎	
	觏	
	觐	
	觑	
	觚	
	觞	
	觥	
	觫	
	觯	
	觳	
	訇	
	訚	
	訾	
	詈	
	詹	
	謇	
	讣	
	讦	
	讧	
	讪	
	讫	
	讴	
	讵	
	讷	
	诂	
	诃	
	诅	
	诋	
	诌	
	诏	
	诒	
	诓	
	诔	
	诖	
	诘	
	诙	
	诛	
	诜	
	诟	
	诠	
	诣	
	诤	
	诧	
	诨	
	诩	
	诮	
	诰	
	诳	
	诹	
	诼	
	诿	
	谀	
	谂	
	谄	
	谇	
	谌	
	谏	
	谑	
	谒	
	谔	
	谕	
	谖	
	谗	
	谙	
	谛	
	谝	
	谟	
	谠	
	谡	
	谥	
	谧	
	谩	
	谪	
	谮	
	谯	
	谰	
	谲	
	谳	
	谵	
	谶	
	豇	
	豉	
	豕	
	豢	
	豨	
	豳	
	豸	
	貂	
	貅	
	貉	
	貊	
	貔	
	貘	
	贲	
	贳	
	贶	
	贽	
	赅	
	赇	
	赈	
	赉	
	赊	
	赍	
	赓	
	赕	
	赙	
	赜	
	赝	
	赟	
	赧	
	赭	
	赳	
	趄	
	趑	
	趔	
	趱	
	趵	
	趸	
	趺	
	趿	
	跄	
	跆	
	跎	
	跏	
	跐	
	跖	
	跗	
	跚	
	跞	
	跣	
	跬	
	跶	
	跸	
	跹	
	跻	
	踅	
	踉	
	踌	
	踒	
	踔	
	踝	
	踞	
	踟	
	踬	
	踮	
	踯	
	踵	
	踹	
	踺	
	踽	
	蹀	
	蹁	
	蹇	
	蹉	
	蹊	
	蹑	
	蹒	
	蹙	
	蹚	
	蹩	
	蹰	
	蹴	
	蹶	
	蹼	
	蹽	
	蹾	
	蹿	
	躅	
	躇	
	躐	
	躜	
	躞	
	轫	
	轭	
	轱	
	轲	
	轳	
	轶	
	轸	
	轼	
	轾	
	辂	
	辄	
	辇	
	辊	
	辋	
	辍	
	辎	
	辏	
	辔	
	辕	
	辘	
	辚	
	迓	
	迕	
	迤	
	迥	
	迦	
	迨	
	迩	
	迮	
	迸	
	逄	
	逅	
	逋	
	逍	
	逑	
	逖	
	逡	
	逦	
	逯	
	逵	
	逶	
	遁	
	遄	
	遐	
	遑	
	遒	
	遛	
	遢	
	遨	
	遴	
	遽	
	邂	
	邃	
	邈	
	邋	
	邕	
	邗	
	邙	
	邛	
	邝	
	邢	
	邬	
	邯	
	邰	
	邱	
	邳	
	邴	
	邵	
	邶	
	邸	
	邹	
	邺	
	邾	
	郄	
	郅	
	郇	
	郏	
	郓	
	郗	
	郛	
	郜	
	郝	
	郡	
	郢	
	郤	
	郦	
	郧	
	郫	
	郯	
	郴	
	郸	
	郾	
	郿	
	鄄	
	鄞	
	鄢	
	鄯	
	鄱	
	酃	
	酆	
	酊	
	酋	
	酐	
	酚	
	酞	
	酡	
	酢	
	酤	
	酩	
	酮	
	酯	
	酰	
	酶	
	酹	
	酽	
	醅	
	醌	
	醍	
	醐	
	醚	
	醛	
	醢	
	醪	
	醮	
	醯	
	醴	
	醺	
	釉	
	釜	
	銮	
	鋆	
	鋈	
	錾	
	鍪	
	鎏	
	鏊	
	鏖	
	鐾	
	鑫	
	钇	
	钊	
	钋	
	钌	
	钍	
	钎	
	钏	
	钒	
	钕	
	钗	
	钚	
	钛	
	钡	
	钣	
	钤	
	钨	
	钫	
	钯	
	钰	
	钲	
	钴	
	钵	
	钹	
	钺	
	钼	
	钽	
	钿	
	铀	
	铂	
	铄	
	铆	
	铈	
	铉	
	铊	
	铋	
	铌	
	铍	
	铎	
	铑	
	铒	
	铗	
	铙	
	铟	
	铠	
	铡	
	铢	
	铣	
	铤	
	铧	
	铨	
	铩	
	铪	
	铫	
	铬	
	铮	
	铯	
	铰	
	铱	
	铳	
	铵	
	铷	
	铻	
	铼	
	铿	
	锂	
	锃	
	锆	
	锇	
	锉	
	锏	
	锑	
	锒	
	锔	
	锕	
	锗	
	锛	
	锜	
	锝	
	锞	
	锟	
	锢	
	锨	
	锩	
	锭	
	锱	
	锲	
	锴	
	锵	
	锶	
	锷	
	锸	
	镁	
	镂	
	镉	
	镊	
	镌	
	镍	
	镏	
	镒	
	镓	
	镔	
	镖	
	镗	
	镘	
	镚	
	镛	
	镝	
	镞	
	镠	
	镡	
	镢	
	镣	
	镦	
	镧	
	镩	
	镪	
	镫	
	镬	
	镭	
	镯	
	镲	
	镳	
	镴	
	镵	
	闩	
	闱	
	闳	
	闵	
	闼	
	闾	
	闿	
	阂	
	阃	
	阄	
	阆	
	阇	
	阈	
	阉	
	阊	
	阋	
	阍	
	阏	
	阑	
	阒	
	阕	
	阖	
	阗	
	阙	
	阚	
	阜	
	阡	
	阪	
	阮	
	阱	
	陀	
	陂	
	陇	
	陉	
	陔	
	陛	
	陟	
	陬	
	陲	
	隈	
	隍	
	隗	
	隰	
	隳	
	隼	
	隽	
	雉	
	雍	
	雎	
	雒	
	雠	
	雩	
	雯	
	雱	
	霁	
	霆	
	霈	
	霏	
	霓	
	霖	
	霨	
	霪	
	霭	
	霰	
	霾	
	靓	
	靛	
	靥	
	靰	
	靳	
	靸	
	靺	
	靼	
	靿	
	鞅	
	鞑	
	鞒	
	鞘	
	鞡	
	鞣	
	鞧	
	鞨	
	鞫	
	鞬	
	鞯	
	鞲	
	鞴	
	韦	
	韪	
	韫	
	韬	
	韶	
	顸	
	顼	
	颀	
	颃	
	颉	
	颌	
	颍	
	颎	
	颏	
	颐	
	颔	
	颙	
	颚	
	颛	
	颞	
	颟	
	颡	
	颢	
	颦	
	颧	
	飑	
	飒	
	飓	
	飕	
	飙	
	飧	
	飨	
	餍	
	餮	
	饔	
	饕	
	饧	
	饨	
	饩	
	饪	
	饫	
	饬	
	饯	
	饴	
	饷	
	饸	
	饹	
	饽	
	馃	
	馄	
	馇	
	馊	
	馐	
	馑	
	馓	
	馔	
	馕	
	馗	
	馥	
	驭	
	驷	
	驸	
	驽	
	驿	
	骀	
	骁	
	骅	
	骈	
	骊	
	骋	
	骎	
	骐	
	骒	
	骓	
	骖	
	骘	
	骛	
	骜	
	骝	
	骞	
	骟	
	骠	
	骢	
	骣	
	骥	
	骧	
	骰	
	骶	
	骷	
	骸	
	骺	
	骼	
	髀	
	髁	
	髂	
	髅	
	髋	
	髌	
	髑	
	髡	
	髦	
	髫	
	髭	
	髯	
	髹	
	髻	
	鬃	
	鬈	
	鬏	
	鬟	
	鬣	
	鬲	
	鬻	
	魃	
	魆	
	魇	
	魈	
	魉	
	魍	
	魑	
	鱿	
	鲀	
	鲂	
	鲅	
	鲆	
	鲇	
	鲈	
	鲋	
	鲎	
	鲐	
	鲑	
	鲔	
	鲚	
	鲛	
	鲞	
	鲟	
	鲠	
	鲡	
	鲢	
	鲣	
	鲥	
	鲧	
	鲩	
	鲮	
	鲱	
	鲲	
	鲳	
	鲴	
	鲵	
	鲷	
	鲻	
	鲼	
	鲽	
	鳀	
	鳃	
	鳅	
	鳇	
	鳊	
	鳌	
	鳎	
	鳏	
	鳐	
	鳓	
	鳔	
	鳕	
	鳗	
	鳙	
	鳜	
	鳝	
	鳟	
	鳢	
	鸠	
	鸢	
	鸨	
	鸩	
	鸪	
	鸫	
	鸬	
	鸮	
	鸱	
	鸲	
	鸶	
	鸷	
	鸸	
	鸹	
	鸻	
	鸾	
	鹁	
	鹂	
	鹄	
	鹆	
	鹇	
	鹈	
	鹋	
	鹌	
	鹐	
	鹑	
	鹕	
	鹗	
	鹘	
	鹚	
	鹛	
	鹜	
	鹞	
	鹧	
	鹩	
	鹪	
	鹫	
	鹬	
	鹭	
	鹮	
	鹳	
	麂	
	麇	
	麈	
	麋	
	麒	
	麓	
	麝	
	麟	
	麸	
	麽	
	麾	
	黍	
	黏	
	黛	
	黜	
	黝	
	黟	
	黠	
	黢	
	黥	
	黧	
	黩	
	黪	
	黻	
	黼	
	黾	
	鼋	
	鼍	
	鼐	
	鼙	
	鼢	
	鼬	
	鼯	
	鼹	
	鼾	
	齁	
	齉	
	齑	
	龀	
	龃	
	龅	
	龇	
	龈	
	龉	
	龊	
	龋	
	龌	
	龚	
	龛	
	龠	
	𠳐	
	𥻗	
	𬉼	
		㑇
		㑊
		㕮
		㘎
		㙍
		㙘
		㙦
		㛃
		㛚
		㛹
		㟃
		㠇
		㠓
		㥄
		㧑
		㫰
		㬊
		㬎
		㬚
		㭎
		㭕
		㮾
		㰀
		㳇
		㳘
		㳚
		㴔
		㵐
		㶲
		㸌
		㺄
		㻬
		㽏
		㿠
		䂮
		䃅
		䃎
		䅟
		䌹
		䎃
		䎖
		䏡
		䏲
		䐃
		䓖
		䓛
		䓨
		䓫
		䓬
		䗖
		䗛
		䗪
		䗴
		䜣
		䝙
		䢺
		䢼
		䣘
		䲟
		䲠
		䲢
		䴓
		䴔
		䴕
		䴖
		䴗
		䴘
		䴙
		䶮
		乸
		亍
		亸
		亹
		仝
		仳
		伈
		伋
		伣
		伭
		伲
		伾
		佁
		佖
		佴
		佸
		佺
		佽
		侁
		侂
		侘
		侴
		侹
		俍
		俙
		俜
		俫
		倓
		倕
		倞
		倧
		倮
		倴
		倻
		偁
		偓
		偡
		偭
		偰
		偲
		傃
		傉
		傒
		傕
		傺
		僇
		僎
		僔
		僦
		僬
		儇
		儦
		儳
		儴
		冁
		冏
		冔
		冮
		冱
		凓
		凘
		刬
		剅
		剕
		剟
		劂
		劄
		劐
		勍
		勔
		勚
		勠
		匼
		卬
		卺
		厖
		厣
		叇
		叕
		叚
		吒
		吖
		呇
		呙
		咇
		咉
		咍
		咡
		咥
		咺
		哃
		哒
		哢
		哱
		哳
		哿
		唝
		唪
		啫
		啴
		喆
		喤
		嘏
		噀
		噂
		噇
		嚚
		嚭
		囷
		圌
		圐
		圙
		圢
		圫
		圲
		坉
		坋
		坒
		坜
		坥
		坬
		坰
		坽
		垈
		垍
		垎
		垏
		垕
		垙
		垚
		垞
		垟
		垯
		垲
		垴
		垵
		垺
		垾
		垿
		埆
		埇
		埌
		埏
		埗
		埪
		埫
		埼
		堃
		堌
		堎
		堐
		堠
		堧
		堨
		堲
		堼
		堽
		堾
		塅
		塝
		塥
		塱
		墈
		墐
		墕
		墘
		墚
		墡
		墣
		墦
		壸
		夐
		夥
		奓
		奡
		妘
		妧
		妭
		姈
		姞
		姤
		姱
		姶
		姽
		娀
		娵
		婌
		婍
		婘
		婞
		婠
		婤
		婫
		婳
		婻
		婼
		媂
		媄
		媆
		媓
		媖
		媞
		媱
		嫄
		嫕
		嫜
		嫪
		嫭
		嫽
		嬛
		嬥
		嬬
		嬿
		孅
		孖
		宄
		宧
		宬
		寁
		尢
		尨
		尪
		屃
		屼
		屾
		岊
		岍
		岙
		岜
		岞
		岠
		岨
		岵
		岽
		峂
		峃
		峗
		峘
		峛
		峧
		峱
		峿
		崀
		崁
		崄
		崌
		崒
		崞
		崟
		崡
		崧
		崶
		崾
		崿
		嵁
		嵅
		嵚
		嵲
		嶅
		嶍
		嶒
		嶓
		嶟
		嶦
		嶲
		巇
		帡
		帨
		帱
		幖
		幪
		庤
		庱
		庳
		庼
		廆
		廋
		廑
		廒
		廙
		弆
		弇
		弢
		弨
		弶
		弸
		彖
		彟
		彳
		徛
		忉
		忞
		忮
		忳
		忺
		怊
		恔
		恝
		恧
		悃
		悆
		悈
		悢
		悰
		惎
		惔
		惙
		惛
		愃
		愍
		愐
		愭
		慆
		慥
		慬
		慭
		憕
		憙
		憭
		憷
		憺
		懔
		戋
		戣
		戤
		戭
		扂
		扅
		扆
		扊
		扞
		扺
		扽
		拶
		挓
		掎
		掞
		掭
		揕
		搌
		搒
		摏
		摛
		摴
		撖
		擐
		擿
		攽
		敉
		敔
		敩
		斝
		斠
		斶
		於
		旐
		旞
		旴
		旵
		旿
		昄
		昇
		昈
		昒
		昡
		昣
		昤
		昪
		昫
		昳
		昺
		昽
		晅
		晊
		晐
		晔
		晖
		晙
		晢
		晪
		晫
		晱
		暅
		暕
		暲
		暵
		暶
		暿
		曈
		曌
		朏
		朓
		朳
		朸
		杄
		杕
		杙
		杧
		杩
		枅
		枍
		枘
		枲
		枹
		柃
		柊
		柖
		柷
		栐
		栒
		栴
		栻
		桄
		桊
		桠
		桯
		桲
		桹
		梌
		梠
		梣
		梴
		梼
		梽
		梾
		棐
		棓
		棤
		棨
		棪
		棫
		棬
		棽
		椀
		椆
		椑
		椓
		椸
		椹
		楒
		楗
		楙
		楞
		楩
		楪
		榃
		榅
		榇
		榍
		榑
		榰
		槃
		槚
		槜
		槱
		橑
		橞
		橥
		橦
		檑
		檞
		檫
		櫆
		欂
		欹
		欻
		歅
		殣
		殳
		毌
		毐
		毵
		氕
		氾
		氿
		汈
		汋
		汧
		汫
		汭
		沄
		沇
		沘
		沺
		泂
		泃
		泇
		泙
		泚
		泜
		洈
		洑
		洓
		洘
		洚
		洢
		洣
		洨
		洭
		洴
		洸
		洺
		洿
		浈
		浉
		浐
		浛
		浟
		浡
		浬
		浭
		浰
		浲
		浼
		涄
		涍
		涐
		涘
		涢
		涴
		淏
		淜
		淟
		淯
		淴
		淼
		渟
		渰
		渼
		湑
		湓
		湝
		湣
		湴
		溁
		溇
		溍
		溚
		溞
		溠
		溦
		溵
		溹
		滆
		滉
		滍
		滘
		滠
		滧
		漈
		漋
		漖
		漤
		漦
		漴
		漷
		漹
		漻
		漼
		潆
		潏
		潖
		潩
		潵
		潽
		潾
		澂
		澛
		澪
		澭
		澴
		澼
		澽
		濋
		濩
		瀌
		瀍
		瀔
		瀱
		瀵
		瀹
		瀼
		灈
		炆
		炌
		炟
		炣
		烔
		烝
		烠
		烶
		烺
		烻
		焆
		焌
		焞
		煁
		煃
		煋
		煓
		煟
		煴
		熇
		熛
		熻
		燊
		燋
		燏
		燚
		爇
		爔
		爚
		爟
		牚
		牥
		牻
		牿
		犇
		犨
		犴
		狃
		狉
		狝
		狴
		狻
		猄
		猇
		猊
		猯
		猰
		猺
		獍
		獯
		玃
		玒
		玓
		玘
		玚
		玞
		玟
		玤
		玱
		玶
		玹
		玼
		玿
		珅
		珇
		珋
		珌
		珒
		珕
		珖
		珛
		珝
		珢
		珦
		珪
		珫
		珵
		珷
		珸
		珹
		珺
		珽
		琀
		琄
		琈
		琊
		琎
		琔
		琟
		琡
		琭
		琲
		瑀
		瑂
		瑃
		瑅
		瑆
		瑑
		瑓
		瑔
		瑖
		瑝
		瑢
		瑧
		瑨
		瑬
		瑱
		瑳
		瑷
		璆
		璒
		璥
		璬
		璮
		璱
		璲
		瓀
		瓖
		瓞
		瓻
		甓
		甗
		甡
		甦
		甪
		甯
		畖
		畤
		畬
		畯
		疁
		疍
		疐
		疢
		疰
		痃
		痄
		痓
		瘀
		瘅
		瘕
		瘗
		瘥
		瘭
		癀
		癗
		癿
		皕
		皛
		皞
		皦
		皭
		盦
		盷
		眚
		眢
		睎
		瞍
		瞫
		瞵
		矞
		矧
		矰
		矻
		矼
		砄
		砆
		砉
		砑
		砠
		砫
		砬
		砮
		砵
		硁
		硊
		硍
		硔
		硙
		硚
		硪
		硿
		碃
		碈
		碏
		碥
		碨
		碶
		碹
		磉
		磏
		磜
		磡
		磹
		磻
		礌
		礞
		礵
		祃
		祊
		祋
		祏
		祐
		祕
		祧
		祲
		祼
		禋
		禒
		禔
		禘
		禚
		禛
		禤
		秬
		稆
		稌
		稑
		稙
		稹
		穄
		穙
		穜
		穟
		穸
		窀
		窅
		窊
		窎
		窬
		窭
		竘
		竫
		笫
		笯
		笱
		筀
		筅
		筘
		筜
		筤
		筥
		筦
		筶
		筻
		筼
		箖
		箨
		篚
		篯
		簃
		簉
		簏
		簕
		簝
		簠
		簰
		籥
		粢
		糇
		糈
		糒
		糵
		絜
		絷
		縢
		繄
		纩
		纮
		纻
		纼
		绋
		绐
		绖
		绤
		绹
		缊
		缐
		缞
		罍
		罶
		羓
		羕
		羖
		羝
		羱
		翀
		翂
		翃
		翈
		翙
		翛
		翦
		翯
		翷
		翾
		耇
		耏
		耑
		耔
		耤
		耰
		耵
		聍
		肭
		肷
		肸
		胈
		胠
		胣
		胩
		胲
		脎
		脞
		脟
		脩
		脶
		脿
		腒
		腘
		腙
		腨
		腯
		腽
		臑
		舁
		舠
		舣
		舥
		舭
		舯
		舲
		舳
		舾
		艅
		艉
		艎
		艏
		艚
		艴
		芃
		芈
		芏
		芘
		芠
		芣
		芤
		芰
		芴
		苉
		苊
		苠
		苧
		苾
		茈
		茋
		茛
		茝
		茳
		茺
		茽
		荁
		荄
		荓
		荖
		荙
		荛
		荭
		莙
		莝
		莰
		莶
		莿
		菂
		菉
		菍
		菝
		菥
		菼
		萆
		萚
		萣
		萩
		萳
		萹
		葎
		葖
		葙
		葜
		葰
		葴
		蒄
		蒇
		蒈
		蒉
		蒎
		蒐
		蒨
		蒱
		蒻
		蓂
		蓇
		蓏
		蓢
		蓣
		蓰
		蔀
		蔃
		蔈
		蔊
		蔌
		蔹
		蕗
		蕰
		蕹
		薁
		薢
		薳
		薸
		薿
		藟
		藦
		藨
		蘘
		蘼
		虒
		虓
		虤
		虷
		虸
		蚄
		蚆
		蚲
		蚺
		蛃
		蛑
		蜎
		蜐
		蜾
		蝘
		蝤
		蝲
		螗
		螣
		螱
		蟏
		蟫
		蠃
		蠋
		蠼
		衃
		衎
		衒
		衠
		袆
		袗
		袪
		袯
		袼
		裈
		裛
		裣
		裼
		褕
		褯
		襕
		襚
		襜
		襫
		觃
		觌
		觖
		觜
		觟
		觭
		觱
		觿
		訄
		詟
		讱
		讻
		诇
		诎
		诐
		谞
		谫
		谼
		谿
		豮
		貆
		赀
		赆
		赑
		赒
		赗
		赪
		趯
		趼
		跂
		跱
		跽
		踣
		踦
		踶
		蹅
		蹐
		蹜
		蹢
		蹯
		躔
		轪
		轵
		轷
		轹
		轺
		辀
		辁
		辌
		辒
		辿
		迳
		迺
		逭
		逴
		遆
		遘
		遹
		邘
		邠
		邡
		邨
		邲
		邽
		邿
		郃
		郈
		郐
		郚
		郪
		鄀
		鄃
		鄅
		鄌
		鄑
		鄗
		鄘
		鄚
		鄜
		鄠
		鄣
		鄫
		鄹
		酂
		酅
		酎
		酏
		酦
		酲
		酴
		酺
		酾
		醑
		醨
		醭
		醵
		醾
		釐
		銎
		钆
		钐
		钔
		钖
		钘
		钜
		钪
		钬
		钭
		钷
		铏
		铕
		铖
		铘
		铚
		铞
		铥
		铴
		铹
		铽
		锊
		锍
		锎
		锓
		锖
		锘
		锧
		锪
		锫
		锬
		锳
		锺
		锼
		锽
		锾
		锿
		镃
		镄
		镅
		镆
		镈
		镋
		镎
		镕
		镤
		镥
		镨
		镮
		镱
		闫
		闶
		阌
		阘
		阼
		阽
		陎
		陑
		陞
		陧
		陴
		隃
		隩
		隹
		隺
		雊
		霅
		靬
		靽
		鞁
		鞔
		鞮
		鞳
		韂
		韨
		颋
		颥
		飏
		飐
		飔
		飗
		饳
		饻
		馉
		馌
		馘
		馝
		馞
		馧
		驲
		驵
		驺
		骃
		骉
		骍
		骕
		骙
		骦
		骱
		髃
		髎
		髢
		髽
		鬒
		鬘
		鬯
		鬶
		鬷
		魋
		鱽
		鱾
		鲃
		鲉
		鲊
		鲌
		鲏
		鲒
		鲕
		鲖
		鲗
		鲘
		鲙
		鲝
		鲦
		鲪
		鲬
		鲭
		鲯
		鲰
		鲹
		鲺
		鲾
		鲿
		鳁
		鳂
		鳈
		鳉
		鳑
		鳒
		鳘
		鳚
		鳛
		鳠
		鳡
		鳣
		鳤
		鸤
		鸧
		鸰
		鸺
		鸼
		鹀
		鹍
		鹎
		鹒
		鹔
		鹖
		鹙
		鹝
		鹟
		鹠
		鹡
		鹢
		鹣
		鹨
		鹯
		鹱
		鹲
		鹴
		鹾
		麀
		麑
		麖
		麹
		黇
		黉
		黡
		黹
		鼒
		鼗
		鼩
		鼫
		鼱
		鼷
		鼽
		齇
		龁
		龂
		龆
		龢
		鿍
		鿎
		鿏
		𠅤
		𠙶
		𡎚
		𡐓
		𣗋
		𣲗
		𣲘
		𣸣
		𤧛
		𤩽
		𤫉
		𥔲
		𥕢
		𥖨
		𦈡
		𦒍
		𦙶
		𦝼
		𦭜
		𦰡
		𧿹
		𨐈
		𨙸
		𨚕
		𨟠
		𨭉
		𨱇
		𨱏
		𨱑
		𨱔
		𨺙
		𩽾
		𩾃
		𩾌
		𪟝
		𪣻
		𪤗
		𪨰
		𪨶
		𪩘
		𪾢
		𫄧
		𫄨
		𫄷
		𫄸
		𫇭
		𫌀
		𫍣
		𫍯
		𫍲
		𫍽
		𫐄
		𫐐
		𫐓
		𫑡
		𫓧
		𫓯
		𫓶
		𫓹
		𫔍
		𫔎
		𫔶
		𫖮
		𫖯
		𫖳
		𫗧
		𫗴
		𫘜
		𫘝
		𫘦
		𫘧
		𫘨
		𫘪
		𫘬
		𫚕
		𫚖
		𫚭
		𫛭
		𫞩
		𫟅
		𫟦
		𫟹
		𫟼
		𫠆
		𫠊
		𫠜
		𫢸
		𫫇
		𫭟
		𫭢
		𫭼
		𫮃
		𫰛
		𫵷
		𫶇
		𫷷
		𫸩
		𬀩
		𬀪
		𬂩
		𬃊
		𬇕
		𬇙
		𬇹
		𬊈
		𬊤
		𬌗
		𬍛
		𬍡
		𬍤
		𬒈
		𬒔
		𬒗
		𬕂
		𬘓
		𬘘
		𬘡
		𬘩
		𬘫
		𬘬
		𬘭
		𬘯
		𬙂
		𬙊
		𬙋
		𬜬
		𬜯
		𬞟
		𬟁
		𬟽
		𬣙
		𬣞
		𬣡
		𬣳
		𬤇
		𬤊
		𬤝
		𬨂
		𬨎
		𬩽
		𬪩
		𬬩
		𬬭
		𬬮
		𬬱
		𬬸
		𬬹
		𬬻
		𬬿
		𬭁
		𬭊
		𬭎
		𬭚
		𬭛
		𬭤
		𬭩
		𬭬
		𬭯
		𬭳
		𬭶
		𬭸
		𬭼
		𬮱
		𬮿
		𬯀
		𬯎
		𬱖
		𬱟
		𬳵
		𬳶
		𬳽
		𬳿
		𬴂
		𬴃
		𬴊
		𬶋
		𬶍
		𬶏
		𬶐
		𬶟
		𬶠
		𬶨
		𬶭
		𬶮
		𬷕
		𬸘
		𬸚
		𬸣
		𬸦
		𬸪
		𬹼
		𬺈
		𬺓
