第1水準漢字（JIS X 0208:1990及び0213:2004）	第2水準漢字（JIS X 0208:1990及び0213:2004）	第3水準漢字（JIS X 0213:2004）	第4水準漢字（JIS X 0213:2004）	JIS X 0212:1990
龍				
齢				
鼻				
鼠				
鼓				
鼎				
黛				
黙				
黒				
黍				
黄				
麿				
麻				
麺				
麹				
麦				
麟				
麗				
麓				
鹿				
鹸				
鷺				
鷹				
鷲				
鶴				
鶏				
鵬				
鵡				
鵠				
鵜				
鴻				
鴬				
鴫				
鴨				
鴛				
鴎				
鴇				
鳶				
鳴				
鳳				
鳩				
鳥				
鱗				
鱒				
鱈				
鰻				
鰹				
鰯				
鰭				
鰐				
鰍				
鯵				
鯨				
鯛				
鯖				
鯉				
鮮				
鮭				
鮫				
鮪				
鮒				
鮎				
魯				
魚				
魔				
魅				
魂				
魁				
鬼				
髭				
髪				
高				
髄				
骸				
骨				
驚				
騰				
騨				
験				
騒				
騎				
駿				
駕				
駒				
駐				
駈				
駆				
駅				
駄				
駁				
馴				
馳				
馬				
馨				
香				
首				
饗				
館				
餓				
餐				
餌				
養				
餅				
飾				
飽				
飼				
飴				
飲				
飯				
飢				
食				
飛				
風				
顧				
類				
顛				
願				
顕				
顔				
顎				
額				
題				
頼				
頻				
頴				
頭				
頬				
頚				
領				
頗				
頓				
頒				
頑				
預				
須				
順				
項				
頃				
頂				
頁				
響				
韻				
音				
韮				
韓				
鞭				
鞠				
鞘				
鞍				
鞄				
靴				
靭				
革				
面				
非				
静				
靖				
青				
露				
霧				
霞				
霜				
霊				
震				
需				
電				
雷				
零				
雲				
雰				
雫				
雪				
雨				
難				
離				
雛				
雑				
雌				
雇				
集				
雅				
雄				
雁				
雀				
隼				
隻				
隷				
隣				
隠				
障				
際				
隙				
隔				
随				
階				
隊				
隈				
隆				
隅				
陽				
険				
陸				
陶				
陵				
陳				
陰				
陪				
陥				
除				
陣				
院				
陛				
限				
降				
附				
陀				
阿				
阻				
防				
阪				
阜				
闘				
闇				
閲				
閥				
閤				
閣				
関				
間				
閑				
閏				
開				
閉				
閃				
門				
長				
鑓				
鑑				
鐸				
鐙				
鐘				
鏡				
鏑				
鎮				
鎧				
鎚				
鎗				
鎖				
鎌				
鍾				
鍵				
鍬				
鍛				
鍔				
鍍				
鍋				
録				
錯				
錬				
錫				
錨				
錦				
錠				
錘				
錐				
錆				
鋼				
鋸				
鋳				
鋲				
鋭				
鋪				
鋤				
鋒				
銭				
銚				
銘				
銑				
銅				
銃				
銀				
鉾				
鉱				
鉦				
鉢				
鉛				
鉄				
鈷				
鈴				
鈎				
鈍				
釧				
釦				
釣				
針				
釜				
釘				
金				
量				
野				
重				
里				
釈				
采				
釆				
醸				
醤				
醜				
醗				
醒				
醐				
醍				
醇				
酸				
酷				
酵				
酬				
酪				
酢				
酔				
酒				
酎				
配				
酌				
酋				
酉				
鄭				
都				
郷				
郵				
郭				
部				
郡				
郎				
郊				
郁				
邸				
邪				
邦				
那				
邑				
還				
避				
遼				
遺				
選				
遷				
遵				
遮				
遭				
適				
遥				
遣				
遡				
遠				
遜				
違				
達				
道				
過				
遍				
運				
遊				
遇				
遅				
遂				
遁				
逼				
逸				
進				
週				
逮				
連				
逢				
造				
速				
逝				
通				
這				
逗				
途				
逓				
逐				
透				
逆				
逃				
送				
退				
追				
迷				
述				
迭				
迫				
迩				
迦				
返				
近				
迎				
迅				
迄				
迂				
辿				
込				
辻				
辺				
農				
辱				
辰				
辞				
辛				
轡				
轟				
轍				
轄				
輿				
輸				
輯				
輪				
輩				
輝				
輔				
載				
較				
軽				
軸				
転				
軟				
軒				
軍				
軌				
車				
躯				
身				
躍				
蹴				
蹟				
蹄				
踏				
踊				
践				
跳				
路				
跨				
跡				
距				
足				
趨				
趣				
越				
超				
起				
赴				
走				
赫				
赦				
赤				
贋				
贈				
購				
賭				
質				
賦				
賢				
賠				
賞				
賜				
賛				
賓				
賑				
賎				
賊				
資				
賄				
賃				
賂				
賀				
貿				
貼				
費				
貸				
買				
貴				
貰				
貯				
責				
貫				
販				
貨				
貧				
貢				
財				
負				
貞				
貝				
貌				
豹				
豪				
象				
豚				
豊				
豆				
谷				
讐				
讃				
護				
譲				
議				
警				
譜				
識				
謹				
謬				
謡				
謝				
講				
謙				
謎				
謄				
謂				
謁				
謀				
諾				
諺				
諸				
諮				
諭				
諦				
諜				
論				
諒				
諏				
諌				
請				
談				
調				
誼				
誹				
課				
誰				
読				
説				
誤				
誠				
語				
誘				
誕				
誓				
認				
誌				
誉				
誇				
詳				
該				
話				
詰				
詮				
詫				
詩				
試				
詣				
詠				
詞				
評				
詔				
詑				
詐				
証				
註				
診				
訴				
訳				
許				
設				
訪				
訣				
訟				
記				
託				
訓				
討				
訊				
計				
訂				
言				
触				
解				
角				
観				
親				
覧				
覚				
覗				
視				
規				
見				
覇				
覆				
要				
西				
襲				
襟				
襖				
褒				
褐				
複				
裾				
製				
裸				
裳				
裡				
裟				
補				
裕				
裏				
装				
裂				
裁				
袷				
袴				
被				
袖				
袋				
袈				
衿				
衷				
衰				
表				
衣				
衡				
衝				
衛				
街				
術				
行				
衆				
血				
蟻				
蟹				
螺				
融				
蝿				
蝶				
蝦				
蝕				
蝋				
蝉				
蜜				
蜘				
蜂				
蛾				
蛸				
蛮				
蛭				
蛤				
蛙				
蛎				
蛍				
蛋				
蛇				
蚤				
蚕				
蚊				
虻				
虹				
虫				
虞				
虜				
虚				
虐				
虎				
蘭				
蘇				
藻				
藷				
藩				
藤				
藍				
藁				
薯				
薮				
薬				
薫				
薪				
薩				
薦				
薙				
薗				
薄				
蕪				
蕩				
蕨				
蕗				
蕎				
蕊				
蕉				
蕃				
蔽				
蔵				
蔭				
蔦				
蔚				
蔓				
蔑				
蔀				
蓮				
蓬				
蓑				
蓋				
蓉				
蓄				
蒼				
蒸				
蒲				
蒜				
蒙				
蒔				
蒐				
蒋				
葺				
葵				
葱				
葬				
葦				
董				
葡				
葛				
著				
葎				
葉				
落				
萱				
萩				
萎				
萌				
萄				
菱				
菰				
華				
菩				
菟				
菜				
菖				
菓				
菌				
菊				
菅				
莱				
莫				
莞				
荻				
荷				
荘				
荒				
荏				
荊				
草				
茸				
茶				
茨				
茜				
茎				
茅				
茄				
茂				
英				
苫				
苧				
苦				
若				
苛				
苗				
苔				
苓				
苑				
苅				
芽				
芹				
芸				
芳				
花				
芯				
芭				
芦				
芥				
芝				
芙				
芋				
艶				
色				
良				
艮				
艦				
艇				
船				
舷				
舶				
舵				
般				
航				
舟				
舞				
舜				
舛				
舘				
舗				
舎				
舌				
興				
臼				
致				
至				
臭				
自				
臨				
臥				
臣				
臓				
臆				
膿				
膳				
膨				
膝				
膜				
膚				
膏				
腿				
腺				
腹				
腸				
腰				
腫				
腕				
腔				
腐				
腎				
脹				
脳				
脱				
脚				
脊				
脈				
脇				
脆				
脅				
脂				
能				
胸				
胴				
胤				
胡				
胞				
胎				
背				
胆				
胃				
肺				
肴				
育				
肱				
肯				
肪				
肩				
肥				
肢				
股				
肝				
肘				
肖				
肌				
肋				
肉				
肇				
聾				
職				
聴				
聯				
聡				
聞				
聖				
耽				
耶				
耳				
耗				
耕				
耐				
而				
者				
考				
老				
耀				
翼				
翻				
翰				
翫				
翠				
習				
翌				
翁				
羽				
義				
羨				
群				
美				
羊				
羅				
罷				
罵				
署				
罰				
置				
罫				
罪				
缶				
纏				
纂				
繰				
繭				
繕				
織				
繍				
繋				
繊				
繁				
績				
縮				
縫				
縦				
縞				
縛				
縄				
縁				
練				
緯				
緬				
緩				
編				
締				
線				
緒				
緑				
総				
緋				
緊				
綿				
綾				
綻				
綴				
網				
綱				
維				
綬				
綜				
続				
継				
絹				
絶				
絵				
統				
給				
絢				
絡				
絞				
結				
経				
組				
絃				
終				
紺				
紹				
紳				
細				
累				
紬				
紫				
索				
紡				
素				
紛				
級				
紙				
紘				
紗				
純				
紐				
納				
紋				
紅				
約				
紀				
糾				
系				
糸				
糧				
糠				
糟				
糞				
糖				
糎				
糊				
精				
粧				
粥				
粟				
粛				
粘				
粗				
粕				
粒				
粍				
粋				
粉				
粂				
粁				
籾				
米				
籍				
簿				
簾				
簸				
簡				
篭				
篤				
篠				
築				
篇				
範				
節				
箸				
箱				
箭				
箪				
管				
算				
箕				
箔				
箇				
箆				
策				
答				
筒				
筑				
筏				
筋				
等				
筈				
筆				
笹				
第				
符				
笥				
笠				
笛				
笑				
笈				
竿				
竺				
竹				
競				
端				
竪				
童				
竣				
章				
竜				
立				
竃				
窺				
窯				
窮				
窪				
窟				
窓				
窒				
窄				
窃				
突				
穿				
空				
究				
穴				
穫				
穣				
穐				
穏				
穎				
積				
穆				
穂				
穀				
稿				
稽				
稼				
稲				
種				
稜				
稚				
稗				
稔				
税				
程				
稀				
移				
称				
秩				
秦				
秤				
租				
秘				
秒				
科				
秋				
私				
秀				
禿				
禾				
禽				
禰				
禦				
福				
禎				
禍				
禅				
禄				
禁				
祷				
祭				
票				
祥				
祢				
神				
祝				
祖				
祐				
祉				
祈				
祇				
祁				
社				
礼				
示				
礎				
礁				
磯				
磨				
磐				
磁				
確				
碩				
碧				
碗				
碕				
碓				
碑				
碍				
碇				
碁				
硲				
硯				
硬				
硫				
硝				
砿				
砺				
破				
砲				
砧				
砦				
砥				
砕				
研				
砂				
石				
矯				
短				
矩				
矧				
知				
矢				
矛				
瞳				
瞭				
瞬				
瞥				
睦				
督				
睡				
着				
眼				
眺				
眠				
真				
県				
看				
眉				
省				
盾				
相				
直				
盲				
目				
盤				
監				
盟				
盛				
盗				
益				
盈				
盆				
盃				
皿				
皮				
皐				
皇				
皆				
的				
百				
白				
登				
発				
癖				
癒				
癌				
療				
痴				
痩				
痢				
痛				
痘				
痕				
痔				
症				
病				
疾				
疹				
疲				
疫				
疑				
疏				
疎				
疋				
畿				
畷				
畳				
異				
番				
畦				
略				
畢				
畠				
畝				
畜				
留				
畔				
畑				
畏				
界				
画				
町				
男				
申				
甲				
由				
田				
甫				
用				
甥				
産				
生				
甜				
甚				
甘				
甑				
瓶				
瓦				
瓢				
瓜				
璽				
環				
璃				
瑳				
瑠				
瑞				
瑛				
瑚				
琶				
琵				
琴				
琳				
琢				
琉				
理				
球				
現				
班				
珪				
珠				
珍				
珊				
珂				
玲				
玩				
玖				
王				
玉				
率				
玄				
獲				
獣				
獅				
獄				
猿				
猷				
猶				
献				
猫				
猪				
猟				
猛				
狽				
狼				
狸				
狭				
独				
狩				
狛				
狙				
狗				
狐				
狂				
状				
犯				
犬				
犠				
犀				
牽				
特				
牲				
物				
牧				
牢				
牡				
牟				
牝				
牛				
牙				
牒				
牌				
版				
片				
爾				
爽				
爺				
父				
爵				
爪				
爆				
燭				
燦				
燥				
燕				
燐				
燈				
燃				
熱				
熟				
熔				
熊				
煽				
煮				
煩				
照				
煤				
煙				
煎				
煉				
焼				
然				
焦				
無				
焚				
焔				
烹				
烏				
烈				
為				
点				
炭				
炎				
炊				
炉				
災				
灼				
灸				
灰				
灯				
火				
灘				
瀬				
瀧				
瀦				
瀞				
瀕				
濯				
濫				
濡				
濠				
濃				
濁				
激				
澱				
澗				
澄				
潰				
潮				
潤				
潟				
潜				
潔				
潅				
漸				
漬				
漫				
漣				
漢				
漠				
漕				
演				
漏				
漉				
漆				
漂				
漁				
滴				
滞				
滝				
滑				
滋				
滅				
溺				
溶				
溢				
溝				
溜				
準				
源				
溌				
満				
湿				
湾				
湯				
湧				
湛				
湘				
湖				
湊				
港				
測				
温				
渦				
渥				
渡				
渠				
減				
渚				
渓				
渋				
渉				
済				
渇				
清				
添				
混				
淵				
淳				
深				
淫				
淡				
淘				
淑				
淋				
淀				
涼				
液				
涯				
涜				
涛				
涙				
涌				
消				
浸				
海				
浴				
浮				
浬				
浪				
浩				
浦				
浜				
浅				
浄				
流				
派				
活				
洲				
洪				
洩				
津				
洞				
洛				
洗				
洋				
泳				
泰				
注				
泥				
泣				
波				
泡				
法				
泌				
泊				
泉				
況				
沿				
沼				
治				
油				
沸				
河				
沫				
沢				
没				
沙				
沖				
沓				
沌				
沈				
沃				
汽				
決				
汲				
汰				
池				
江				
汝				
汚				
汗				
汐				
汎				
求				
汁				
汀				
氾				
永				
氷				
水				
気				
民				
氏				
毛				
毘				
比				
毒				
毎				
母				
毅				
殿				
殻				
殺				
段				
殴				
殖				
残				
殊				
殉				
殆				
死				
歴				
歳				
歯				
歪				
歩				
武				
此				
正				
止				
歓				
歎				
歌				
款				
欽				
欺				
欲				
欧				
欣				
次				
欠				
欝				
欄				
櫨				
櫛				
櫓				
檎				
檀				
橿				
橡				
機				
橘				
橋				
樽				
樺				
樹				
樵				
樫				
横				
権				
模				
樟				
標				
樗				
樋				
槽				
槻				
槙				
様				
槍				
槌				
構				
榛				
榔				
榎				
榊				
概				
楽				
楼				
極				
楳				
楯				
業				
楢				
楠				
楚				
楕				
楓				
楊				
椿				
椴				
検				
椛				
椙				
椎				
植				
椋				
椅				
椀				
棺				
棲				
森				
棟				
棚				
棒				
棋				
棉				
棄				
梼				
梶				
梱				
械				
梯				
梨				
梧				
梢				
梗				
梓				
梅				
梁				
桶				
桧				
桟				
桝				
桜				
桔				
桓				
桑				
桐				
案				
桃				
桂				
桁				
栽				
格				
根				
核				
栴				
株				
栢				
校				
栗				
栖				
栓				
栄				
栃				
栂				
柿				
柾				
査				
柵				
柴				
柳				
柱				
柚				
柘				
柔				
染				
柑				
某				
柏				
柊				
柄				
柁				
架				
枯				
枢				
枠				
枝				
果				
枚				
林				
枕				
析				
枇				
板				
松				
杷				
杵				
東				
杯				
杭				
来				
杢				
条				
束				
杜				
杖				
杓				
村				
材				
杏				
李				
杉				
朽				
机				
朴				
朱				
札				
本				
末				
未				
木				
期				
朝				
望				
朗				
朕				
朔				
服				
朋				
有				
月				
最				
替				
曾				
曽				
曹				
書				
更				
曳				
曲				
曝				
曜				
曙				
曇				
暴				
暮				
暫				
暦				
暢				
暗				
暖				
暑				
暇				
暁				
智				
晶				
晴				
景				
普				
晩				
晦				
晒				
晋				
晃				
時				
昼				
是				
昭				
昨				
昧				
春				
映				
星				
昔				
易				
昏				
明				
昌				
昇				
昆				
昂				
旺				
旭				
旬				
早				
旨				
旧				
旦				
日				
既				
旗				
族				
旋				
旅				
施				
於				
方				
新				
斯				
断				
斬				
斧				
斥				
斤				
斡				
斜				
料				
斗				
斑				
斐				
斎				
斌				
斉				
文				
敷				
敵				
整				
数				
敬				
敦				
散				
敢				
教				
敗				
救				
敏				
故				
政				
放				
攻				
改				
支				
擾				
擬				
擦				
擢				
操				
擁				
撹				
撲				
撰				
撮				
播				
撫				
撤				
撞				
撚				
撒				
撃				
摺				
摸				
摩				
摘				
摂				
搾				
携				
搭				
搬				
損				
揺				
援				
揮				
握				
換				
揚				
揖				
提				
描				
揃				
掻				
掴				
掲				
掬				
措				
掩				
推				
控				
接				
探				
採				
掠				
掛				
掘				
排				
掌				
授				
掃				
捻				
捺				
捷				
捲				
据				
捨				
捧				
捜				
捗				
捕				
捌				
捉				
挿				
挽				
挺				
振				
挫				
挨				
挟				
挙				
挑				
按				
指				
持				
拾				
拷				
拶				
拳				
拭				
括				
拡				
拠				
拝				
招				
拙				
拘				
拓				
拒				
拐				
拍				
担				
抽				
押				
抹				
抵				
抱				
披				
択				
抜				
折				
抗				
投				
抑				
把				
抄				
技				
承				
批				
扶				
扱				
扮				
托				
払				
打				
才				
手				
扉				
扇				
所				
房				
戻				
戸				
戴				
戯				
戦				
戟				
戚				
或				
戒				
我				
成				
戎				
戊				
懸				
懲				
懐				
懇				
憾				
憶				
憲				
憩				
憧				
憤				
憐				
憎				
憂				
慾				
慶				
慰				
慮				
慨				
慧				
慣				
慢				
慕				
慎				
慌				
態				
慈				
感				
愛				
愚				
意				
愉				
愈				
愁				
惹				
想				
惰				
惨				
惣				
惟				
惜				
惚				
惑				
惇				
情				
悼				
悶				
悲				
悪				
悩				
悦				
患				
悠				
悟				
悔				
悌				
悉				
恵				
恰				
息				
恭				
恩				
恨				
恥				
恢				
恕				
恒				
恐				
恋				
怯				
怪				
怨				
性				
急				
怠				
思				
怜				
怖				
怒				
忽				
念				
快				
忠				
応				
忙				
忘				
志				
忍				
忌				
必				
心				
徽				
徹				
徴				
徳				
微				
循				
復				
御				
得				
従				
徒				
徐				
後				
律				
待				
径				
征				
往				
彼				
役				
影				
彰				
彬				
彫				
彪				
彩				
彦				
形				
当				
彊				
弾				
弼				
強				
張				
弱				
弧				
弦				
弥				
弟				
弛				
弘				
弗				
引				
弔				
弓				
弐				
式				
弊				
弄				
弁				
廿				
廼				
廻				
建				
廷				
延				
廠				
廟				
廓				
廊				
廉				
廃				
庸				
康				
庶				
庵				
庭				
庫				
座				
度				
府				
庚				
店				
庖				
底				
序				
床				
庇				
庄				
広				
庁				
幾				
幽				
幼				
幻				
幹				
幸				
年				
平				
干				
幣				
幡				
幕				
幌				
幅				
帽				
常				
帳				
帰				
帯				
席				
師				
帥				
帝				
帖				
希				
帆				
布				
市				
巾				
巽				
巻				
巷				
巴				
巳				
己				
差				
巨				
巧				
左				
工				
巣				
巡				
州				
川				
巌				
嶺				
嶋				
嵯				
嵩				
嵐				
崩				
崖				
崎				
崇				
峻				
島				
峰				
峯				
峨				
峡				
峠				
岸				
岳				
岱				
岬				
岩				
岨				
岡				
岐				
山				
屯				
履				
層				
屡				
屠				
属				
展				
屑				
屍				
屋				
届				
屈				
居				
局				
尿				
尾				
尽				
尼				
尻				
尺				
就				
尭				
尤				
尚				
尖				
少				
小				
導				
尋				
尊				
尉				
将				
射				
専				
封				
寿				
対				
寺				
寸				
寵				
寮				
審				
寧				
寡				
察				
寝				
寛				
寓				
寒				
富				
密				
寅				
寄				
寂				
宿				
容				
家				
宵				
宴				
害				
宰				
宮				
宥				
室				
宣				
客				
実				
宝				
宜				
宛				
定				
宙				
官				
宗				
宕				
宏				
宍				
完				
宋				
安				
守				
宇				
宅				
孫				
学				
孤				
季				
孟				
孝				
孜				
存				
字				
孔				
子				
嬰				
嬬				
嬢				
嬉				
嫡				
嫌				
嫉				
嫁				
媛				
媒				
婿				
婦				
婚				
婆				
婁				
娼				
娯				
娩				
娠				
娘				
娃				
威				
姿				
姻				
姶				
姫				
姪				
姦				
姥				
委				
姓				
姑				
姐				
始				
姉				
妾				
妻				
妹				
妬				
妨				
妥				
妙				
妖				
妓				
妊				
妄				
妃				
如				
好				
奴				
女				
奮				
奪				
奨				
奥				
套				
奔				
契				
奏				
奉				
奈				
奇				
奄				
夷				
失				
央				
夫				
太				
天				
大				
夢				
夜				
多				
夙				
外				
夕				
夏				
変				
壷				
売				
壱				
声				
壮				
壬				
士				
壕				
壌				
壊				
壇				
壁				
墾				
墳				
墨				
墜				
増				
墓				
境				
塾				
塵				
填				
塩				
塞				
塚				
塙				
塘				
塗				
塔				
塑				
塊				
塁				
塀				
堺				
堵				
場				
報				
堰				
堪				
堤				
堕				
堆				
堅				
堂				
堀				
埼				
基				
培				
執				
埴				
埠				
域				
埜				
城				
埋				
垣				
垢				
型				
垂				
坪				
坦				
坤				
坑				
坐				
坊				
均				
坂				
地				
圭				
在				
圧				
土				
園				
圏				
圃				
国				
固				
図				
囲				
困				
団				
因				
回				
四				
囚				
嚢				
嚇				
噺				
噸				
噴				
器				
噛				
噌				
噂				
嘱				
嘩				
嘘				
嘗				
嘉				
嘆				
嗣				
営				
喰				
喬				
喫				
喪				
喧				
喝				
喜				
喚				
喋				
喉				
善				
啓				
問				
商				
啄				
唾				
唱				
唯				
唖				
唐				
唇				
唆				
唄				
哲				
哩				
哨				
員				
哉				
品				
哀				
咽				
咳				
咲				
和				
咋				
命				
呼				
味				
呪				
周				
呑				
告				
呉				
呈				
呆				
呂				
吾				
吻				
吹				
吸				
含				
否				
吠				
吟				
君				
向				
吐				
吏				
后				
名				
同				
吋				
吊				
吉				
合				
各				
吃				
司				
号				
叶				
右				
史				
叱				
台				
可				
召				
叫				
只				
叩				
句				
古				
口				
叢				
叡				
叛				
叙				
受				
取				
叔				
収				
反				
双				
友				
及				
叉				
又				
参				
去				
厳				
厭				
厩				
厨				
原				
厚				
厘				
厄				
卿				
卸				
卵				
却				
即				
危				
印				
卯				
卦				
占				
卜				
博				
単				
南				
協				
卓				
卒				
卑				
半				
午				
升				
千				
十				
匿				
医				
区				
匹				
匪				
匡				
匠				
匝				
匙				
北				
化				
包				
匂				
匁				
勿				
勾				
勺				
勲				
勧				
勤				
勢				
募				
勝				
務				
勘				
動				
勉				
勇				
勅				
勃				
劾				
効				
労				
励				
劫				
努				
助				
劣				
加				
功				
力				
劉				
劇				
劃				
創				
割				
剰				
副				
剥				
剤				
剣				
剛				
剖				
前				
削				
則				
剃				
刻				
刺				
券				
刷				
制				
到				
利				
別				
判				
初				
列				
刑				
刊				
刈				
切				
分				
刃				
刀				
函				
出				
凹				
凸				
凶				
凱				
凪				
凧				
処				
凡				
凝				
凍				
凌				
凋				
准				
凄				
冷				
冶				
冴				
冬				
冨				
冥				
冠				
写				
冗				
冒				
再				
冊				
円				
内				
兼				
典				
具				
其				
兵				
共				
六				
公				
八				
全				
入				
兜				
党				
児				
兎				
免				
克				
光				
先				
兇				
兆				
充				
兄				
元				
允				
儲				
優				
償				
儒				
億				
儀				
僻				
僧				
僚				
僕				
僑				
像				
働				
僅				
傾				
傷				
債				
傭				
催				
備				
傘				
傑				
傍				
偽				
偶				
偵				
側				
偲				
健				
停				
偏				
偉				
倹				
倶				
倭				
倫				
倦				
値				
倣				
借				
候				
倖				
倒				
倍				
個				
倉				
俺				
俸				
俵				
俳				
修				
俣				
信				
保				
俗				
俊				
俄				
促				
係				
便				
侶				
侵				
侯				
侮				
侭				
価				
侠				
依				
供				
侍				
例				
侃				
使				
佼				
併				
佳				
作				
余				
何				
体				
佑				
佐				
住				
低				
位				
但				
佃				
伽				
似				
伺				
伸				
伶				
伴				
伯				
伝				
会				
休				
伐				
伏				
伎				
伍				
伊				
企				
任				
件				
仲				
仰				
仮				
以				
令				
代				
仙				
付				
他				
仕				
仔				
仏				
介				
今				
仇				
仁				
什				
人				
亮				
亭				
京				
享				
亨				
亦				
亥				
交				
亡				
亜				
些				
亙				
亘				
井				
五				
互				
云				
二				
事				
争				
予				
了				
亀				
乾				
乳				
乱				
也				
乞				
九				
乙				
乗				
乏				
乎				
乍				
之				
久				
乃				
主				
丹				
丸				
串				
中				
並				
両				
丞				
丙				
丘				
世				
且				
丑				
与				
不				
下				
上				
三				
丈				
万				
七				
丁				
一				
	龠			
	龝			
	龜			
	龕			
	齷			
	齶			
	齲			
	齬			
	齪			
	齧			
	齦			
	齣			
	齡			
	齠			
	齟			
	齔			
	齒			
	齏			
	齎			
	齋			
	齊			
	鼾			
	鼬			
	鼡			
	鼕			
	鼈			
	鼇			
	黽			
	黼			
	黻			
	黹			
	黷			
	黶			
	黴			
	黯			
	黨			
	黥			
	黠			
	點			
	黝			
	黜			
	默			
	黔			
	黐			
	黏			
	黎			
	黌			
	麾			
	麼			
	麸			
	麭			
	麪			
	麩			
	麥			
	麝			
	麕			
	麒			
	麑			
	麌			
	麋			
	麈			
	麁			
	鹽			
	鹹			
	鹵			
	鸞			
	鸛			
	鸚			
	鷽			
	鷸			
	鷯			
	鷭			
	鷦			
	鷙			
	鷓			
	鷏			
	鷆			
	鷄			
	鷂			
	鷁			
	鶻			
	鶺			
	鶸			
	鶲			
	鶯			
	鶫			
	鶩			
	鶤			
	鶚			
	鶉			
	鶇			
	鵺			
	鵲			
	鵯			
	鵤			
	鵞			
	鵝			
	鵙			
	鵑			
	鵐			
	鵈			
	鵆			
	鵄			
	鵁			
	鴿			
	鴾			
	鴪			
	鴦			
	鴣			
	鴟			
	鴕			
	鴒			
	鴉			
	鴈			
	鴆			
	鴃			
	鳰			
	鳬			
	鳫			
	鳧			
	鱸			
	鱶			
	鱧			
	鱠			
	鱚			
	鱇			
	鱆			
	鰾			
	鰺			
	鰲			
	鰰			
	鰮			
	鰥			
	鰤			
	鰡			
	鰛			
	鰕			
	鰔			
	鰓			
	鰒			
	鰌			
	鰊			
	鰉			
	鰈			
	鰆			
	鰄			
	鯲			
	鯱			
	鯰			
	鯤			
	鯣			
	鯢			
	鯡			
	鯔			
	鯒			
	鯑			
	鯏			
	鯊			
	鯆			
	鯀			
	鮹			
	鮴			
	鮨			
	鮠			
	鮟			
	鮗			
	鮖			
	鮓			
	鮑			
	鮃			
	魴			
	魘			
	魑			
	魏			
	魎			
	魍			
	魄			
	魃			
	鬻			
	鬲			
	鬱			
	鬯			
	鬮			
	鬪			
	鬩			
	鬨			
	鬧			
	鬥			
	鬣			
	鬢			
	鬟			
	鬚			
	鬘			
	鬆			
	髻			
	髷			
	髴			
	髱			
	髯			
	髮			
	髫			
	髦			
	髣			
	髢			
	髟			
	髞			
	體			
	髓			
	髑			
	髏			
	髀			
	骼			
	骰			
	骭			
	驫			
	驪			
	驩			
	驥			
	驤			
	驢			
	驟			
	驛			
	驗			
	驕			
	驍			
	驅			
	驃			
	驂			
	驀			
	騾			
	騷			
	騫			
	騙			
	騏			
	騅			
	騁			
	駻			
	駸			
	駲			
	駱			
	駮			
	駭			
	駢			
	駟			
	駝			
	駛			
	駘			
	駑			
	馼			
	馮			
	馭			
	馥			
	馘			
	馗			
	饕			
	饒			
	饑			
	饐			
	饌			
	饋			
	饉			
	饅			
	饂			
	餾			
	餽			
	餮			
	餬			
	餤			
	餡			
	餠			
	餞			
	餝			
	餘			
	餔			
	餒			
	餉			
	餃			
	飮			
	飭			
	飫			
	飩			
	飜			
	飆			
	飄			
	飃			
	颶			
	颱			
	颯			
	颪			
	顴			
	顳			
	顱			
	顰			
	顯			
	顫			
	顏			
	顋			
	顆			
	頽			
	頸			
	頷			
	頤			
	頡			
	頏			
	頌			
	韶			
	韵			
	韲			
	韭			
	韜			
	韋			
	韈			
	韆			
	韃			
	鞴			
	鞳			
	鞫			
	鞨			
	鞦			
	鞣			
	鞜			
	鞐			
	鞏			
	鞋			
	鞆			
	鞅			
	鞁			
	靼			
	靺			
	靹			
	靱			
	靫			
	靨			
	靦			
	靤			
	靡			
	靠			
	靜			
	靉			
	靈			
	靆			
	靄			
	靂			
	霾			
	霽			
	霹			
	霸			
	霰			
	霪			
	霤			
	霙			
	霖			
	霓			
	霑			
	霏			
	霎			
	霍			
	霈			
	霆			
	霄			
	雹			
	雜			
	雙			
	雖			
	雕			
	雎			
	雍			
	雋			
	雉			
	隹			
	隸			
	隶			
	隴			
	隲			
	隱			
	隰			
	險			
	隨			
	隧			
	隘			
	隗			
	隕			
	隍			
	隋			
	陷			
	陲			
	陬			
	陦			
	陟			
	陞			
	陝			
	陜			
	陏			
	陌			
	陋			
	陂			
	阯			
	阮			
	阨			
	阡			
	闥			
	闢			
	闡			
	關			
	闖			
	闕			
	闔			
	闍			
	闌			
	闊			
	闃			
	閾			
	閼			
	閻			
	閹			
	閭			
	閨			
	閧			
	閠			
	閙			
	閘			
	閖			
	閔			
	閊			
	閇			
	閂			
	钁			
	鑿			
	鑾			
	鑽			
	鑼			
	鑷			
	鑵			
	鑰			
	鑪			
	鑢			
	鑠			
	鑞			
	鑛			
	鑚			
	鑒			
	鑄			
	鑁			
	鐺			
	鐶			
	鐵			
	鐫			
	鐡			
	鐚			
	鐔			
	鐓			
	鐐			
	鐇			
	鐃			
	鏨			
	鏥			
	鏤			
	鏝			
	鏘			
	鏗			
	鏖			
	鏐			
	鏈			
	鏃			
	鎹			
	鎰			
	鎭			
	鎬			
	鎔			
	鍼			
	鍮			
	鍠			
	鍜			
	鍖			
	鍄			
	錻			
	錺			
	錵			
	錮			
	錣			
	錢			
	錚			
	錙			
	錏			
	鋺			
	鋩			
	鋏			
	銹			
	銷			
	銜			
	銛			
	銖			
	銕			
	銓			
	鉤			
	鉞			
	鉚			
	鉗			
	鉐			
	鉋			
	鉉			
	鉈			
	鉅			
	鈿			
	鈬			
	鈩			
	鈞			
	鈕			
	鈔			
	鈑			
	釿			
	釼			
	釶			
	釵			
	釡			
	釟			
	釛			
	釖			
	釐			
	釋			
	釉			
	釁			
	釀			
	醺			
	醵			
	醴			
	醯			
	醫			
	醪			
	醢			
	醋			
	醉			
	醂			
	酳			
	酲			
	酩			
	酥			
	酣			
	酘			
	酖			
	酊			
	鄲			
	鄰			
	鄙			
	鄒			
	鄂			
	郤			
	郢			
	郛			
	邵			
	邱			
	邯			
	邨			
	邏			
	邊			
	邉			
	邇			
	邃			
	邂			
	邁			
	邀			
	遽			
	遶			
	遲			
	遯			
	遨			
	遞			
	遙			
	遘			
	遖			
	遒			
	遑			
	遐			
	遏			
	遉			
	逾			
	逹			
	逶			
	逵			
	逧			
	逡			
	逞			
	逖			
	逕			
	逑			
	逎			
	逍			
	逋			
	逅			
	迺			
	迹			
	迸			
	迴			
	迯			
	迪			
	迥			
	迢			
	迚			
	辷			
	辯			
	辮			
	辭			
	辨			
	辧			
	辣			
	辟			
	辜			
	轤			
	轣			
	轢			
	轜			
	轗			
	轎			
	轌			
	轉			
	轆			
	轅			
	轂			
	輾			
	輻			
	輹			
	輳			
	輦			
	輟			
	輜			
	輛			
	輙			
	輕			
	輓			
	輒			
	輌			
	輊			
	輅			
	軾			
	軼			
	軻			
	軫			
	軣			
	軛			
	軋			
	軈			
	軆			
	軅			
	躾			
	躱			
	躰			
	躬			
	躪			
	躡			
	躙			
	躔			
	躓			
	躑			
	躋			
	躊			
	躇			
	躅			
	躄			
	躁			
	蹼			
	蹶			
	蹲			
	蹤			
	蹣			
	蹠			
	蹙			
	蹕			
	蹐			
	蹌			
	蹊			
	蹉			
	蹈			
	蹇			
	蹂			
	踵			
	踴			
	踰			
	踪			
	踟			
	踞			
	踝			
	踐			
	踉			
	踈			
	跿			
	跼			
	跫			
	跪			
	跣			
	跟			
	跛			
	跚			
	跖			
	跏			
	跌			
	跋			
	跂			
	趾			
	趺			
	趙			
	趁			
	赳			
	赱			
	赭			
	赧			
	贖			
	贔			
	贓			
	贐			
	贏			
	贍			
	贊			
	贇			
	贅			
	贄			
	賽			
	賻			
	賺			
	賤			
	賣			
	賚			
	賍			
	賈			
	賁			
	貽			
	貶			
	貳			
	貲			
	貮			
	貭			
	貪			
	貘			
	貔			
	貎			
	貍			
	貊			
	貉			
	貅			
	貂			
	豼			
	豺			
	豸			
	豬			
	豫			
	豢			
	豕			
	豐			
	豎			
	豌			
	豈			
	豁			
	谿			
	谺			
	讚			
	讙			
	讖			
	讓			
	讒			
	讎			
	讌			
	變			
	讀			
	譽			
	譴			
	譱			
	譯			
	譬			
	譫			
	譟			
	譛			
	譚			
	譖			
	譏			
	譎			
	譌			
	證			
	譁			
	謾			
	謳			
	謫			
	謨			
	謦			
	謠			
	謚			
	謗			
	謖			
	謔			
	謐			
	謌			
	謇			
	諷			
	諳			
	諱			
	諫			
	諧			
	諤			
	諢			
	諡			
	諠			
	諞			
	諛			
	諚			
	諍			
	諄			
	諂			
	誨			
	誦			
	誥			
	誣			
	誡			
	誚			
	誑			
	誅			
	誄			
	誂			
	詼			
	詭			
	詬			
	詢			
	詛			
	詒			
	詈			
	詆			
	詁			
	訶			
	訥			
	訝			
	訛			
	訖			
	訐			
	訌			
	訃			
	觸			
	觴			
	觧			
	觝			
	觜			
	觚			
	觀			
	覿			
	覽			
	覺			
	覲			
	覯			
	覬			
	覩			
	覦			
	覡			
	覘			
	覓			
	覊			
	覈			
	覃			
	襾			
	襷			
	襴			
	襯			
	襭			
	襪			
	襦			
	襤			
	襠			
	襞			
	襍			
	襌			
	襄			
	襃			
	襁			
	褻			
	褸			
	褶			
	褫			
	褪			
	褥			
	褞			
	褝			
	褓			
	褌			
	褊			
	褄			
	褂			
	裼			
	裹			
	裴			
	裲			
	裨			
	裝			
	裙			
	裘			
	裔			
	裄			
	裃			
	袿			
	袵			
	袱			
	袰			
	袮			
	袤			
	袢			
	袞			
	袙			
	袗			
	袒			
	袍			
	袂			
	袁			
	衾			
	衽			
	衵			
	衲			
	衫			
	衢			
	衞			
	衙			
	衒			
	衍			
	衄			
	衂			
	蠻			
	蠹			
	蠶			
	蠱			
	蠧			
	蠣			
	蠢			
	蠡			
	蠖			
	蠕			
	蠑			
	蠏			
	蠎			
	蠍			
	蠅			
	蟾			
	蟷			
	蟶			
	蟲			
	蟯			
	蟠			
	蟒			
	蟐			
	蟋			
	蟇			
	蟆			
	蟄			
	蟀			
	螽			
	螻			
	螳			
	螯			
	螫			
	螢			
	螟			
	螂			
	蝸			
	蝴			
	蝮			
	蝪			
	蝨			
	蝣			
	蝠			
	蝟			
	蝙			
	蝗			
	蝓			
	蝎			
	蝌			
	蜿			
	蜻			
	蜷			
	蜴			
	蜩			
	蜥			
	蜚			
	蜒			
	蜑			
	蜍			
	蜊			
	蜉			
	蜈			
	蜆			
	蜃			
	蜀			
	蛻			
	蛹			
	蛯			
	蛬			
	蛩			
	蛟			
	蛞			
	蛛			
	蛔			
	蛉			
	蛆			
	蛄			
	蚶			
	蚰			
	蚯			
	蚫			
	蚪			
	蚩			
	蚣			
	蚓			
	蚌			
	蚋			
	虱			
	虧			
	號			
	處			
	虔			
	虍			
	蘿			
	蘰			
	蘯			
	蘢			
	蘚			
	蘗			
	蘖			
	蘓			
	蘋			
	蘊			
	蘆			
	蘂			
	藾			
	藺			
	藹			
	藪			
	藥			
	藝			
	藜			
	藕			
	藐			
	藏			
	藉			
	薺			
	薹			
	薨			
	薤			
	薜			
	薛			
	薔			
	薑			
	薐			
	薊			
	薈			
	薇			
	薀			
	蕾			
	蕷			
	蕭			
	蕣			
	蕚			
	蕘			
	蕕			
	蕋			
	蕈			
	蕁			
	蕀			
	蔬			
	蔡			
	蔟			
	蔘			
	蔗			
	蔕			
	蔔			
	蔆			
	蓿			
	蓼			
	蓴			
	蓚			
	蓙			
	蓖			
	蓐			
	蓍			
	蓊			
	蓆			
	蓁			
	蒿			
	蒻			
	蒹			
	蒭			
	蒡			
	蒟			
	蒄			
	蒂			
	葹			
	葷			
	葯			
	葮			
	葭			
	葫			
	葩			
	葢			
	葆			
	萼			
	萸			
	萵			
	萬			
	萪			
	萢			
	萠			
	萓			
	萍			
	萋			
	萇			
	萃			
	菽			
	菻			
	菷			
	菴			
	菲			
	菫			
	菠			
	菘			
	菎			
	菁			
	莽			
	莵			
	莪			
	莨			
	莢			
	莠			
	莟			
	莚			
	莖			
	莓			
	莎			
	莊			
	莉			
	莇			
	莅			
	荼			
	荵			
	荳			
	荐			
	荅			
	荀			
	茹			
	茵			
	茴			
	茲			
	茱			
	茯			
	茫			
	茣			
	茘			
	茗			
	茖			
	茉			
	茆			
	范			
	苻			
	苺			
	苹			
	苴			
	苳			
	苣			
	苡			
	苟			
	苞			
	苜			
	苙			
	苒			
	芻			
	芬			
	芫			
	芟			
	芒			
	芍			
	艾			
	艸			
	艷			
	艱			
	艫			
	艪			
	艨			
	艤			
	艢			
	艟			
	艝			
	艚			
	艙			
	艘			
	艀			
	舸			
	舳			
	舮			
	舫			
	舩			
	舖			
	舒			
	舐			
	舍			
	舊			
	舉			
	與			
	舅			
	舂			
	舁			
	臾			
	臻			
	臺			
	臧			
	臠			
	臟			
	臚			
	臙			
	臘			
	臑			
	臍			
	臉			
	臈			
	臂			
	臀			
	膾			
	膽			
	膺			
	膸			
	膵			
	膰			
	膩			
	膤			
	膣			
	膠			
	膕			
	膓			
	膊			
	膈			
	膃			
	膂			
	膀			
	腴			
	腱			
	腮			
	腦			
	腥			
	腟			
	腓			
	腑			
	腋			
	腆			
	脾			
	脯			
	脩			
	脣			
	脛			
	脉			
	胼			
	胱			
	胯			
	胥			
	胝			
	胛			
	胚			
	胙			
	胖			
	胄			
	肭			
	肬			
	肛			
	肚			
	肓			
	肆			
	肅			
	肄			
	聿			
	聽			
	聹			
	聶			
	聳			
	聲			
	聰			
	聨			
	聢			
	聟			
	聚			
	聘			
	聒			
	聊			
	聆			
	耿			
	耻			
	耨			
	耡			
	耜			
	耙			
	耘			
	耒			
	耋			
	耆			
	耄			
	翹			
	翳			
	翩			
	翦			
	翡			
	翕			
	翔			
	翊			
	翆			
	翅			
	羹			
	羸			
	羶			
	羲			
	羯			
	羮			
	羣			
	羞			
	羝			
	羚			
	羔			
	羌			
	羈			
	羇			
	羆			
	羃			
	羂			
	罹			
	罸			
	罩			
	罨			
	罧			
	罠			
	罟			
	罘			
	罕			
	罔			
	网			
	罐			
	罎			
	罍			
	罌			
	罅			
	缺			
	缸			
	纜			
	纛			
	纖			
	纔			
	纓			
	纒			
	纐			
	纎			
	續			
	纉			
	纈			
	纃			
	繿			
	繽			
	繼			
	繻			
	繹			
	繪			
	繩			
	繧			
	繦			
	繞			
	繝			
	繚			
	繙			
	繖			
	繆			
	繃			
	總			
	縻			
	縺			
	縹			
	縷			
	縵			
	縲			
	縱			
	縣			
	縢			
	縡			
	縟			
	縒			
	縋			
	縊			
	縉			
	縅			
	緻			
	緲			
	緤			
	緡			
	緞			
	緝			
	緜			
	緘			
	緕			
	緇			
	綽			
	綺			
	綸			
	綵			
	綰			
	綯			
	綮			
	綫			
	綣			
	綢			
	綟			
	綛			
	經			
	綏			
	綉			
	絽			
	絳			
	絲			
	絮			
	絨			
	絣			
	絛			
	絖			
	絏			
	絎			
	絋			
	絆			
	絅			
	紿			
	紵			
	紲			
	紮			
	紜			
	紕			
	紊			
	紆			
	紂			
	糺			
	糶			
	糴			
	糲			
	糯			
	糢			
	糜			
	糘			
	糒			
	糅			
	糂			
	糀			
	粽			
	粹			
	粳			
	粲			
	粱			
	粮			
	粭			
	粫			
	粨			
	粤			
	粢			
	粡			
	粐			
	粃			
	籵			
	籬			
	籥			
	籤			
	籠			
	籟			
	籘			
	籖			
	籔			
	籐			
	籏			
	籌			
	籃			
	籀			
	簽			
	簷			
	簫			
	簪			
	簧			
	簣			
	簟			
	簗			
	簔			
	簓			
	簒			
	簑			
	簍			
	簇			
	簀			
	篷			
	篶			
	篳			
	篩			
	篦			
	篥			
	篝			
	篏			
	篌			
	篋			
	篆			
	篁			
	箴			
	箟			
	箝			
	箜			
	箚			
	箙			
	箘			
	箒			
	箏			
	箍			
	箋			
	筺			
	筵			
	筴			
	筱			
	筰			
	筮			
	筬			
	筧			
	筥			
	筝			
	筐			
	筍			
	筌			
	筅			
	笶			
	笵			
	笳			
	笨			
	笞			
	笙			
	笘			
	笏			
	笋			
	笊			
	笆			
	笄			
	笂			
	竸			
	竰			
	竭			
	竦			
	竢			
	竡			
	竟			
	竝			
	竚			
	站			
	竕			
	竓			
	竒			
	竏			
	竍			
	竊			
	竈			
	竇			
	竅			
	竄			
	窿			
	窶			
	窰			
	窩			
	窘			
	窗			
	窖			
	窕			
	窈			
	穽			
	穹			
	穰			
	穩			
	穢			
	穡			
	穗			
	穉			
	穃			
	稾			
	稻			
	稷			
	稱			
	稠			
	稟			
	稙			
	稘			
	稍			
	稈			
	秬			
	秧			
	秣			
	秡			
	秕			
	秉			
	禺			
	禹			
	禳			
	禮			
	禪			
	禧			
	禝			
	禊			
	禀			
	祿			
	祺			
	祠			
	祟			
	祚			
	祗			
	祕			
	祓			
	祀			
	礬			
	礫			
	礪			
	礦			
	礙			
	礒			
	礑			
	礇			
	磽			
	磴			
	磬			
	磧			
	磚			
	磔			
	磑			
	磋			
	磊			
	磆			
	磅			
	碾			
	碼			
	碵			
	碯			
	碪			
	碣			
	碚			
	碎			
	碌			
	碆			
	硼			
	硴			
	硅			
	砠			
	砒			
	砌			
	矼			
	矮			
	矣			
	矜			
	矚			
	矗			
	矍			
	矇			
	瞿			
	瞽			
	瞼			
	瞻			
	瞹			
	瞶			
	瞰			
	瞠			
	瞞			
	瞑			
	瞎			
	瞋			
	睿			
	睾			
	睹			
	睫			
	睨			
	睥			
	睛			
	睚			
	睇			
	眸			
	眷			
	眩			
	眦			
	眥			
	眤			
	眞			
	眛			
	眈			
	眇			
	眄			
	盻			
	盪			
	盧			
	盥			
	盡			
	盞			
	盜			
	盖			
	盒			
	盍			
	盂			
	皺			
	皹			
	皸			
	皷			
	皴			
	皰			
	皚			
	皙			
	皖			
	皓			
	皎			
	皋			
	皈			
	皃			
	皀			
	發			
	癸			
	癶			
	癲			
	癰			
	癬			
	癪			
	癩			
	癨			
	癧			
	癢			
	癡			
	癜			
	癘			
	癈			
	癇			
	癆			
	瘻			
	瘴			
	瘰			
	瘧			
	瘤			
	瘢			
	瘡			
	瘠			
	瘟			
	瘍			
	瘋			
	瘉			
	瘁			
	痿			
	痾			
	痼			
	痺			
	痳			
	痲			
	痰			
	痣			
	痞			
	痙			
	痒			
	痍			
	痊			
	痃			
	痂			
	疽			
	疼			
	疸			
	疵			
	疳			
	疱			
	疥			
	疣			
	疝			
	疚			
	疔			
	疊			
	疉			
	疇			
	疆			
	疂			
	畸			
	當			
	畴			
	畭			
	畫			
	畩			
	畧			
	畤			
	畛			
	畚			
	畍			
	畋			
	畊			
	畉			
	畆			
	畄			
	甼			
	甸			
	甬			
	甦			
	甞			
	甕			
	甓			
	甎			
	甍			
	甌			
	甅			
	甄			
	甃			
	瓸			
	瓷			
	瓲			
	瓱			
	瓰			
	瓮			
	瓩			
	瓧			
	瓣			
	瓠			
	瓔			
	瓏			
	瓊			
	璧			
	璢			
	璞			
	璋			
	瑾			
	瑶			
	瑰			
	瑯			
	瑪			
	瑩			
	瑤			
	瑣			
	瑟			
	瑜			
	瑙			
	瑕			
	瑁			
	琿			
	琺			
	琲			
	琥			
	琅			
	珸			
	珱			
	珮			
	珥			
	珞			
	珎			
	珈			
	珀			
	玻			
	玳			
	獻			
	獺			
	獸			
	獵			
	獰			
	獪			
	獨			
	獗			
	獏			
	獎			
	猾			
	猴			
	猯			
	猩			
	猥			
	猝			
	猜			
	猗			
	猖			
	猊			
	狹			
	狷			
	狢			
	狡			
	狠			
	狒			
	狎			
	狆			
	狄			
	狃			
	犹			
	犲			
	犧			
	犢			
	犖			
	犒			
	犇			
	犂			
	犁			
	牾			
	牴			
	牘			
	牋			
	牆			
	牀			
	爿			
	爼			
	爻			
	爲			
	爰			
	爭			
	爬			
	爨			
	爛			
	爐			
	爍			
	燿			
	燼			
	燻			
	燹			
	燵			
	燮			
	燬			
	燧			
	燠			
	營			
	燗			
	燔			
	燒			
	燎			
	燉			
	熾			
	熹			
	熬			
	熨			
	熙			
	熕			
	熏			
	熈			
	熄			
	煬			
	煦			
	煥			
	煢			
	煖			
	煕			
	煌			
	焜			
	焙			
	焉			
	烽			
	烱			
	烟			
	烝			
	烙			
	烋			
	炸			
	炳			
	炯			
	炮			
	炬			
	炙			
	炒			
	灣			
	灑			
	灌			
	瀾			
	瀲			
	瀰			
	瀟			
	瀝			
	瀛			
	瀚			
	瀘			
	瀑			
	瀏			
	瀋			
	瀉			
	瀁			
	濾			
	濺			
	濶			
	濳			
	濱			
	濮			
	濬			
	濤			
	濟			
	濛			
	濘			
	濕			
	濔			
	濆			
	濂			
	澹			
	澳			
	澪			
	澤			
	澣			
	澡			
	澑			
	澎			
	澆			
	澂			
	澁			
	澀			
	潼			
	潺			
	潸			
	潴			
	潯			
	潭			
	潦			
	潛			
	潘			
	潁			
	漿			
	漾			
	漲			
	漱			
	漓			
	漑			
	滿			
	滾			
	滸			
	滷			
	滲			
	滯			
	滬			
	滕			
	滔			
	滓			
	滌			
	滉			
	滄			
	滂			
	溽			
	溷			
	溲			
	溯			
	溪			
	溥			
	溟			
	溘			
	溏			
	溂			
	湶			
	湲			
	湮			
	湫			
	湟			
	湎			
	湍			
	湃			
	渾			
	渺			
	游			
	渮			
	渭			
	渫			
	渤			
	渣			
	渟			
	渝			
	渙			
	渕			
	渊			
	淺			
	淹			
	淮			
	淬			
	淪			
	淨			
	淦			
	淤			
	淞			
	淙			
	淕			
	淒			
	淌			
	淇			
	淆			
	淅			
	涸			
	涵			
	涕			
	涓			
	涎			
	涅			
	浹			
	浤			
	浣			
	浚			
	浙			
	洽			
	洸			
	洶			
	洵			
	洳			
	洫			
	洟			
	洙			
	洒			
	洌			
	泱			
	泯			
	泪			
	泝			
	泛			
	泙			
	泗			
	泓			
	泅			
	泄			
	沾			
	沽			
	沺			
	沱			
	沮			
	沛			
	沚			
	沒			
	沐			
	沍			
	沂			
	沁			
	汾			
	汳			
	汪			
	汨			
	汢			
	汞			
	汕			
	氤			
	氣			
	氛			
	气			
	氓			
	氈			
	毳			
	毯			
	毬			
	毫			
	毟			
	毓			
	毋			
	毆			
	毀			
	殼			
	殷			
	殳			
	殲			
	殱			
	殯			
	殫			
	殪			
	殤			
	殞			
	殘			
	殕			
	殍			
	殄			
	殃			
	殀			
	歿			
	歹			
	歸			
	歡			
	歟			
	歛			
	歙			
	歔			
	歐			
	歉			
	歇			
	歃			
	欹			
	欸			
	欷			
	欟			
	欖			
	欒			
	權			
	欅			
	櫻			
	櫺			
	櫪			
	櫟			
	櫞			
	櫚			
	櫑			
	櫃			
	櫂			
	櫁			
	檻			
	檸			
	檳			
	檮			
	檬			
	檪			
	檣			
	檢			
	檠			
	檜			
	檗			
	檐			
	檍			
	檄			
	橸			
	橲			
	橦			
	橢			
	橙			
	橈			
	橇			
	橄			
	樸			
	樶			
	樮			
	樣			
	樢			
	樞			
	樛			
	樔			
	樓			
	樒			
	樌			
	樊			
	樅			
	樂			
	槿			
	槹			
	槲			
	槭			
	槫			
	槨			
	槧			
	槞			
	槝			
	槓			
	槐			
	槎			
	槊			
	槇			
	槃			
	槁			
	榿			
	榾			
	榻			
	榴			
	榲			
	榱			
	榮			
	榧			
	榠			
	榜			
	榕			
	榑			
	榁			
	楾			
	楹			
	楸			
	楷			
	楴			
	楮			
	楫			
	楪			
	楡			
	楞			
	楝			
	楜			
	楙			
	楔			
	椽			
	椹			
	椶			
	椰			
	椪			
	椨			
	椦			
	椥			
	椣			
	椢			
	椡			
	椚			
	椒			
	椏			
	椌			
	椈			
	椄			
	椁			
	棹			
	棯			
	棧			
	棣			
	棡			
	棠			
	棘			
	棗			
	棕			
	棔			
	棍			
	棊			
	棆			
	梺			
	梹			
	梵			
	梳			
	梭			
	梦			
	梠			
	梟			
	條			
	梛			
	梔			
	梏			
	梍			
	梃			
	桿			
	桾			
	桷			
	桴			
	档			
	桙			
	桎			
	桍			
	框			
	桀			
	栲			
	栫			
	栩			
	栞			
	柯			
	柮			
	柬			
	柩			
	柧			
	柤			
	柢			
	柞			
	柝			
	柎			
	柆			
	枹			
	枸			
	枷			
	枴			
	枳			
	枩			
	枦			
	枡			
	枌			
	枋			
	枉			
	枅			
	杼			
	杳			
	杲			
	杰			
	杪			
	杤			
	杣			
	杠			
	杞			
	杙			
	杆			
	杁			
	朿			
	朸			
	朷			
	朶			
	朮			
	朧			
	朦			
	朞			
	朖			
	朏			
	會			
	曼			
	曷			
	曵			
	曰			
	曩			
	曦			
	曠			
	曚			
	曖			
	曉			
	曄			
	曁			
	暾			
	暼			
	暹			
	暸			
	暝			
	暘			
	暎			
	暉			
	暈			
	暄			
	暃			
	晰			
	晨			
	晧			
	晤			
	晢			
	晟			
	晞			
	晝			
	晏			
	晉			
	晄			
	晁			
	昿			
	昶			
	昵			
	昴			
	昜			
	昊			
	昃			
	旻			
	旱			
	旡			
	无			
	旛			
	旙			
	旒			
	旌			
	旆			
	旄			
	旃			
	旁			
	斷			
	斫			
	斟			
	斛			
	斈			
	斃			
	斂			
	數			
	敲			
	敞			
	敝			
	敘			
	敖			
	敕			
	敍			
	效			
	攸			
	攷			
	收			
	攵			
	攴			
	攬			
	攫			
	攪			
	攤			
	攣			
	攝			
	攜			
	攘			
	攅			
	攀			
	擽			
	擺			
	擶			
	擴			
	擲			
	擱			
	擯			
	擧			
	擣			
	擡			
	擠			
	據			
	擘			
	擔			
	擒			
	擇			
	擅			
	擂			
	撼			
	撻			
	撩			
	撥			
	撕			
	撓			
	撈			
	摶			
	摯			
	摧			
	摎			
	搶			
	搴			
	搨			
	搦			
	搜			
	搗			
	搖			
	搓			
	搏			
	搆			
	揶			
	揩			
	揣			
	插			
	揉			
	揆			
	揄			
	揀			
	掾			
	掵			
	掫			
	掣			
	掟			
	掖			
	掏			
	掎			
	掉			
	掀			
	捶			
	捫			
	捩			
	捐			
	捏			
	捍			
	挾			
	挧			
	挌			
	挈			
	挂			
	拿			
	拵			
	拱			
	拯			
	拮			
	拜			
	拗			
	拔			
	拑			
	拏			
	拌			
	拊			
	拉			
	拈			
	拇			
	拆			
	拂			
	抻			
	抬			
	抛			
	抖			
	抔			
	抓			
	抒			
	抉			
	抃			
	抂			
	找			
	扼			
	扨			
	扣			
	扠			
	扞			
	扛			
	扎			
	扈			
	扁			
	戳			
	戲			
	戰			
	戮			
	截			
	戡			
	戞			
	戝			
	戛			
	戔			
	戍			
	戌			
	戉			
	戈			
	戀			
	懿			
	懾			
	懽			
	懼			
	懺			
	懷			
	懶			
	懴			
	懦			
	懣			
	懍			
	懌			
	懋			
	懊			
	應			
	懈			
	懆			
	懃			
	憺			
	憮			
	憬			
	憫			
	憚			
	憙			
	憖			
	憔			
	憑			
	憊			
	憇			
	慷			
	慵			
	慴			
	慳			
	慱			
	慯			
	慫			
	慥			
	慟			
	慝			
	慚			
	慙			
	慘			
	慓			
	慍			
	慊			
	慇			
	慄			
	慂			
	愿			
	愾			
	愽			
	愼			
	愴			
	愬			
	愨			
	愧			
	愡			
	愕			
	愎			
	愍			
	愆			
	愃			
	愀			
	惻			
	惺			
	惷			
	惶			
	惴			
	惱			
	惧			
	惡			
	惠			
	惘			
	惓			
	惆			
	悽			
	悸			
	悵			
	悴			
	悳			
	悧			
	悛			
	悚			
	悗			
	悖			
	悒			
	悍			
	悋			
	悄			
	悃			
	悁			
	恷			
	恬			
	恫			
	恪			
	恤			
	恣			
	恠			
	恟			
	恚			
	恙			
	恍			
	恊			
	恆			
	恃			
	恂			
	恁			
	怺			
	怱			
	怫			
	怩			
	怦			
	怡			
	怛			
	怙			
	怕			
	怐			
	怏			
	怎			
	忿			
	忻			
	忸			
	忱			
	忰			
	忤			
	忝			
	忖			
	徼			
	徭			
	徨			
	徠			
	從			
	徙			
	徘			
	徑			
	徊			
	很			
	徇			
	徃			
	徂			
	彿			
	彷			
	彳			
	彭			
	彡			
	彝			
	彜			
	彙			
	彗			
	彖			
	彑			
	彎			
	彌			
	彈			
	彁			
	弸			
	弯			
	弭			
	弩			
	弖			
	弑			
	弍			
	弌			
	弋			
	弉			
	弃			
	廾			
	廸			
	廴			
	廳			
	廱			
	廰			
	廬			
	廩			
	廨			
	廣			
	廢			
	廡			
	廝			
	廛			
	廚			
	廖			
	廐			
	廏			
	廈			
	廂			
	廁			
	庠			
	广			
	幺			
	并			
	幵			
	幤			
	幢			
	幟			
	幗			
	幔			
	幎			
	幇			
	幄			
	幃			
	幀			
	帷			
	帶			
	帛			
	帚			
	帙			
	帑			
	帋			
	巵			
	已			
	巫			
	巛			
	巖			
	巓			
	巒			
	巍			
	巉			
	嶽			
	嶼			
	嶷			
	嶮			
	嶬			
	嶢			
	嶝			
	嶐			
	嶌			
	嶇			
	嶄			
	嶂			
	嵶			
	嵳			
	嵬			
	嵜			
	嵒			
	嵎			
	嵌			
	嵋			
	崢			
	崟			
	崛			
	崚			
	崙			
	崘			
	崗			
	崕			
	崔			
	崑			
	崋			
	峽			
	峺			
	峭			
	峪			
	峩			
	峙			
	峇			
	峅			
	岾			
	岼			
	岻			
	岷			
	岶			
	岫			
	岔			
	岑			
	岌			
	屹			
	屶			
	屮			
	屬			
	屓			
	屐			
	屏			
	屎			
	屆			
	屁			
	尹			
	尸			
	尨			
	尢			
	尠			
	尓			
	對			
	專			
	將			
	尅			
	寶			
	寳			
	寰			
	寫			
	寨			
	實			
	寥			
	寤			
	寢			
	寞			
	寔			
	寐			
	寉			
	寇			
	寃			
	宸			
	宦			
	它			
	宀			
	孺			
	學			
	孵			
	孳			
	孱			
	孰			
	孩			
	孥			
	孛			
	孚			
	孕			
	孑			
	孅			
	孃			
	孀			
	嬾			
	嬶			
	嬲			
	嬪			
	嬖			
	嬌			
	嬋			
	嫻			
	嫺			
	嫩			
	嫦			
	嫣			
	嫗			
	嫖			
	嫐			
	嫋			
	嫂			
	媾			
	媽			
	媼			
	媚			
	婬			
	婪			
	婢			
	婉			
	婀			
	娶			
	娵			
	娥			
	娟			
	娜			
	娚			
	娑			
	娉			
	姨			
	姜			
	姚			
	姙			
	姆			
	妲			
	妣			
	妝			
	妛			
	妍			
	妁			
	奸			
	奬			
	奩			
	奧			
	奢			
	奠			
	奚			
	奘			
	奕			
	奐			
	奎			
	夾			
	夸			
	夲			
	夭			
	夬			
	夥			
	夛			
	夘			
	夐			
	夊			
	夂			
	壽			
	壼			
	壻			
	壺			
	壹			
	壯			
	壥			
	壤			
	壟			
	壞			
	壜			
	壙			
	壘			
	壗			
	壓			
	壑			
	壅			
	墻			
	墺			
	墹			
	墸			
	墮			
	墫			
	墟			
	墅			
	塹			
	塲			
	塰			
	塢			
	塒			
	塋			
	堽			
	堯			
	堡			
	堝			
	堙			
	堋			
	堊			
	埣			
	埖			
	埔			
	埓			
	埒			
	埆			
	埃			
	埀			
	垳			
	垰			
	垪			
	垤			
	垠			
	垓			
	垉			
	垈			
	坿			
	坩			
	坡			
	坏			
	坎			
	址			
	圻			
	圸			
	圷			
	圦			
	圜			
	團			
	圖			
	圓			
	圍			
	國			
	圉			
	圈			
	圄			
	圀			
	囿			
	囹			
	囮			
	囘			
	囗			
	囓			
	囑			
	囎			
	囈			
	囃			
	囂			
	囁			
	囀			
	嚼			
	嚶			
	嚴			
	嚮			
	嚥			
	嚠			
	嚔			
	嚏			
	嚊			
	嚆			
	嚀			
	噬			
	噫			
	噪			
	噤			
	噐			
	噎			
	嘸			
	嘶			
	嘴			
	嘲			
	嘯			
	嘛			
	嘖			
	嘔			
	嗾			
	嗽			
	嗹			
	嗷			
	嗤			
	嗟			
	嗜			
	嗚			
	嗔			
	嗇			
	嗅			
	嗄			
	單			
	喩			
	喨			
	喟			
	喞			
	喙			
	喘			
	喊			
	喇			
	喃			
	喀			
	啾			
	啼			
	啻			
	啣			
	啝			
	啜			
	啗			
	啖			
	啌			
	啅			
	啀			
	唹			
	唸			
	唳			
	售			
	唔			
	唏			
	哽			
	哺			
	哮			
	哭			
	哦			
	哥			
	哢			
	哘			
	哈			
	哇			
	哄			
	哂			
	咾			
	咼			
	咸			
	咯			
	咬			
	咫			
	咨			
	咥			
	咤			
	咢			
	咒			
	咐			
	咏			
	咎			
	咆			
	咄			
	咀			
	呻			
	呷			
	呶			
	呵			
	呱			
	呰			
	呟			
	呎			
	呀			
	吽			
	吼			
	吶			
	吮			
	吭			
	听			
	吩			
	吝			
	吁			
	叺			
	叮			
	叭			
	叨			
	叟			
	參			
	厶			
	厰			
	厮			
	厦			
	厥			
	厠			
	厖			
	厂			
	卻			
	卷			
	卮			
	卩			
	卞			
	卍			
	卉			
	卆			
	卅			
	區			
	匸			
	匳			
	匱			
	匯			
	匣			
	匚			
	匕			
	匐			
	匏			
	匍			
	匈			
	匆			
	勹			
	勸			
	勵			
	勳			
	勦			
	勣			
	勠			
	勞			
	勗			
	勒			
	勍			
	勁			
	劼			
	劵			
	劭			
	劬			
	劔			
	劒			
	劑			
	劍			
	劈			
	剿			
	剽			
	剴			
	剳			
	剱			
	剪			
	剩			
	剞			
	剔			
	剏			
	剌			
	剋			
	剄			
	刹			
	刳			
	刮			
	刪			
	刧			
	刔			
	刎			
	刋			
	刄			
	凾			
	凵			
	凰			
	凭			
	凩			
	几			
	凜			
	凛			
	凖			
	凉			
	凅			
	冽			
	况			
	决			
	冲			
	冱			
	冰			
	冫			
	冪			
	冩			
	冦			
	冤			
	冢			
	冖			
	冕			
	冓			
	冑			
	冐			
	冏			
	册			
	冉			
	冂			
	冀			
	兮			
	兪			
	兩			
	兢			
	兔			
	兒			
	兌			
	兀			
	儿			
	儼			
	儻			
	儺			
	儷			
	儡			
	儚			
	儘			
	儖			
	儕			
	儔			
	儉			
	儂			
	儁			
	價			
	僵			
	僮			
	僭			
	僥			
	僣			
	僞			
	僖			
	僊			
	僉			
	僂			
	傴			
	傳			
	傲			
	傚			
	傅			
	傀			
	偸			
	偬			
	做			
	偖			
	偕			
	偐			
	偈			
	假			
	偃			
	倬			
	倪			
	倩			
	倨			
	倥			
	倡			
	倚			
	倔			
	們			
	倏			
	倆			
	倅			
	俾			
	俶			
	俯			
	俥			
	俤			
	俟			
	俛			
	俚			
	俘			
	俔			
	俑			
	俐			
	俎			
	侫			
	侘			
	侖			
	侑			
	侏			
	侈			
	來			
	佻			
	佶			
	佰			
	佯			
	佩			
	佞			
	佝			
	佛			
	佚			
	佗			
	佇			
	估			
	伜			
	伉			
	价			
	仭			
	仟			
	仞			
	仗			
	从			
	仍			
	仆			
	仄			
	仂			
	亶			
	亳			
	亰			
	亢			
	亠			
	亟			
	亞			
	于			
	亊			
	亅			
	亂			
	乢			
	乘			
	乖			
	乕			
	乂			
	丿			
	丼			
	丶			
	丱			
	个			
	丗			
	丕			
	丐			
		𪆐		
		𨏍		
		𨉷		
		𧚄		
		𧃴		
		𦹀		
		𦫿		
		𥶡		
		𥧄		
		𥝱		
		𥔎		
		𥒎		
		𤟱		
		𣳾		
		𣝣		
		𣜿		
		𣗄		
		𣇄		
		𡸴		
		𡢽		
		𡚴		
		𡑮		
		𡌛		
		𡈽		
		𠮟		
		𠀋		
		頻		
		響		
		難		
		逸		
		贈		
		賓		
		謹		
		謁		
		視		
		褐		
		著		
		臭		
		者		
		署		
		繁		
		練		
		節		
		突		
		穀		
		禎		
		禍		
		祝		
		祖		
		祐		
		祈		
		祉		
		社		
		碑		
		琢		
		煮		
		漢		
		渚		
		海		
		梅		
		暑		
		既		
		敏		
		懲		
		憎		
		慨		
		悔		
		屮		
		層		
		墨		
		塀		
		器		
		嘆		
		喝		
		卑		
		勤		
		勉		
		免		
		僧		
		侮		
		都		
		諸		
		﨟		
		福		
		祥		
		神		
		猪		
		凞		
		﨔		
		﨑		
		塚		
		﨏		
		隆		
		類		
		殺		
		虜		
		朗		
		廊		
		欄		
		龢		
		龗		
		龔		
		龐		
		齗		
		鼹		
		鼐		
		黑		
		黃		
		麵		
		麴		
		麯		
		麬		
		麤		
		麞		
		鹼		
		鸕		
		鸇		
		鷧		
		鷗		
		鷀		
		鶼		
		鶬		
		鶖		
		鶊		
		鵼		
		鵰		
		鵣		
		鵒		
		鵇		
		鵃		
		鴞		
		鴝		
		鱷		
		鱥		
		鱣		
		鱓		
		鱐		
		鱏		
		鱁		
		鰣		
		鰀		
		鯽		
		鯸		
		鯥		
		鯎		
		鯁		
		鮧		
		鮞		
		鮏		
		鮊		
		鮄		
		魹		
		魵		
		魲		
		魦		
		魞		
		鬭		
		鬠		
		鬈		
		鬂		
		髹		
		髖		
		髎		
		髃		
		髁		
		骶		
		驒		
		驎		
		驊		
		騸		
		騮		
		騭		
		騤		
		騃		
		騂		
		馞		
		饘		
		飧		
		飈		
		颺		
		顬		
		顥		
		顚		
		顙		
		顗		
		顖		
		顓		
		顒		
		頰		
		頫		
		頞		
		頊		
		韴		
		韞		
		韛		
		韉		
		韁		
		鞺		
		鞮		
		鞕		
		靳		
		靮		
		靚		
		靏		
		靎		
		靍		
		霻		
		霳		
		雯		
		雩		
		雞		
		雒		
		隥		
		隤		
		隝		
		隄		
		陘		
		闞		
		闚		
		闓		
		闐		
		闋		
		閽		
		閶		
		閬		
		閩		
		閦		
		閟		
		閎		
		鑲		
		鑱		
		鑫		
		鑣		
		鑊		
		鐳		
		鐄		
		鏽		
		鏟		
		鏞		
		鏆		
		鎺		
		鎣		
		鎛		
		鍰		
		鍪		
		鍥		
		鍤		
		鍊		
		鍉		
		鍈		
		錥		
		錡		
		錟		
		錄		
		鋿		
		鋠		
		鋓		
		鋌		
		鋋		
		鋂		
		銈		
		鉸		
		鉏		
		鉃		
		鉀		
		鈼		
		鈺		
		鈹		
		鈸		
		鈐		
		鈇		
		釻		
		釱		
		釭		
		釥		
		釤		
		釗		
		醼		
		醱		
		醬		
		醞		
		醃		
		酛		
		酈		
		鄽		
		鄴		
		鄱		
		鄯		
		鄧		
		鄣		
		鄢		
		鄖		
		鄕		
		鄔		
		郴		
		郯		
		郞		
		郝		
		郗		
		郇		
		郅		
		郄		
		邾		
		邳		
		邢		
		邛		
		邙		
		邗		
		邕		
		邈		
		逭		
		逈		
		迮		
		迨		
		迤		
		辵		
		辦		
		轔		
		輶		
		輭		
		輞		
		軺		
		軀		
		蹻		
		蹰		
		踽		
		踣		
		踠		
		跗		
		跑		
		跎		
		趯		
		贛		
		贒		
		賾		
		賸		
		賴		
		賡		
		豨		
		豉		
		讝		
		譩		
		譙		
		譔		
		譆		
		諶		
		諴		
		諟		
		諐		
		誧		
		詹		
		詵		
		詡		
		詝		
		詎		
		詇		
		訷		
		訢		
		訕		
		訒		
		觶		
		觥		
		觔		
		覔		
		襀		
		褹		
		褲		
		褰		
		褧		
		褜		
		褚		
		褙		
		褘		
		裵		
		裎		
		裊		
		袪		
		袘		
		蠟		
		蠔		
		蠐		
		蠊		
		蠆		
		蟬		
		蟖		
		螵		
		螭		
		螬		
		螈		
		螇		
		蝱		
		蜋		
		蛽		
		蛼		
		蛺		
		蚸		
		蚘		
		虵		
		虬		
		虢		
		虛		
		虗		
		虁		
		蘸		
		蘩		
		蘘		
		蘒		
		蘐		
		蘅		
		蘄		
		藿		
		藭		
		藎		
		藋		
		薰		
		薭		
		薢		
		薏		
		薌		
		蕺		
		蕤		
		蕙		
		蔲		
		蔯		
		蔣		
		蔞		
		蓂		
		蓀		
		蒺		
		蒴		
		蒯		
		蒞		
		蒅		
		葳		
		葰		
		葟		
		葈		
		萊		
		萆		
		萁		
		菪		
		菡		
		菑		
		菏		
		菇		
		菀		
		莿		
		莩		
		莧		
		莘		
		莒		
		莆		
		荽		
		荢		
		荕		
		荑		
		荇		
		荃		
		茺		
		茭		
		茢		
		茁		
		茀		
		苾		
		苽		
		苕		
		苆		
		芿		
		芾		
		芷		
		芮		
		芩		
		芤		
		芣		
		芡		
		芎		
		艴		
		艠		
		臗		
		臏		
		臊		
		膻		
		腭		
		腨		
		腧		
		腠		
		腊		
		脘		
		胳		
		胠		
		胗		
		胊		
		耼		
		耷		
		耵		
		耦		
		耔		
		翺		
		翮		
		翬		
		翟		
		翛		
		翎		
		羿		
		羗		
		羑		
		罇		
		纍		
		纊		
		繫		
		繡		
		繒		
		繇		
		縨		
		縕		
		縑		
		縈		
		緣		
		緖		
		緌		
		緂		
		綦		
		綠		
		綋		
		綃		
		絺		
		絜		
		絓		
		絈		
		絁		
		紱		
		紣		
		紝		
		紓		
		紈		
		紇		
		糝		
		糙		
		糕		
		粼		
		粠		
		粔		
		粏		
		籹		
		籭		
		籙		
		簶		
		簳		
		簱		
		簠		
		簞		
		簁		
		篙		
		篗		
		箞		
		筲		
		筯		
		筭		
		筠		
		筎		
		筇		
		笻		
		笭		
		笒		
		竽		
		竫		
		竎		
		窻		
		窳		
		窠		
		窅		
		穭		
		穝		
		稹		
		稃		
		秭		
		秫		
		秞		
		秔		
		秊		
		秈		
		禸		
		禱		
		禘		
		祹		
		祜		
		祆		
		祅		
		礴		
		礱		
		礮		
		礜		
		礀		
		磷		
		磲		
		磤		
		碰		
		碭		
		确		
		硨		
		硑		
		硏		
		硎		
		硃		
		砭		
		矠		
		瞪		
		瞔		
		瞀		
		睺		
		睢		
		睟		
		睜		
		睎		
		睍		
		睆		
		眶		
		眴		
		眙		
		眊		
		盼		
		盱		
		盦		
		盔		
		盎		
		盌		
		盅		
		皶		
		皪		
		皦		
		皞		
		皝		
		皛		
		皁		
		癱		
		癯		
		癭		
		癥		
		癤		
		癋		
		癃		
		瘵		
		瘭		
		瘦		
		瘞		
		瘙		
		瘖		
		瘕		
		瘈		
		瘂		
		瘀		
		痤		
		痎		
		疒		
		畹		
		畯		
		甯		
		甗		
		甁		
		瓿		
		瓚		
		瓉		
		瓈		
		璿		
		璵		
		璩		
		璨		
		璦		
		璣		
		璟		
		璜		
		璘		
		璐		
		璉		
		璇		
		璆		
		瑭		
		瑫		
		瑢		
		瑗		
		瑋		
		瑇		
		瑆		
		瑄		
		琰		
		琯		
		琮		
		琬		
		琫		
		琪		
		琨		
		琦		
		琛		
		琚		
		琊		
		琇		
		珩		
		珣		
		珙		
		珖		
		珏		
		珉		
		玫		
		玦		
		玢		
		玠		
		玟		
		玕		
		獼		
		獦		
		獐		
		猨		
		猧		
		狻		
		狀		
		犾		
		犛		
		犍		
		牖		
		牕		
		爕		
		爀		
		燾		
		燄		
		燁		
		熺		
		熒		
		熇		
		熅		
		煨		
		煠		
		煜		
		煒		
		煑		
		煇		
		煆		
		焰		
		焮		
		焫		
		焠		
		焞		
		焏		
		烤		
		烘		
		烔		
		炷		
		炫		
		炤		
		炅		
		灵		
		灤		
		灞		
		灝		
		灎		
		灊		
		瀨		
		瀆		
		瀅		
		濹		
		濵		
		濰		
		濊		
		濇		
		澼		
		澶		
		澧		
		澠		
		澔		
		澍		
		澌		
		澈		
		潾		
		潢		
		潡		
		潞		
		潙		
		潑		
		漳		
		漯		
		漪		
		漚		
		漐		
		滎		
		滇		
		滁		
		溱		
		溫		
		湞		
		湜		
		湄		
		渴		
		淼		
		淝		
		淛		
		淚		
		淖		
		淄		
		涿		
		涬		
		涪		
		涔		
		涉		
		涇		
		涂		
		浥		
		浘		
		洿		
		洹		
		洱		
		洮		
		洎		
		洄		
		泻		
		泮		
		泫		
		泠		
		泔		
		泆		
		沪		
		沜		
		沘		
		沆		
		沅		
		汶		
		汴		
		汜		
		汙		
		氳		
		氐		
		氅		
		毿		
		毗		
		毖		
		每		
		殭		
		殩		
		殂		
		歷		
		歧		
		步		
		歠		
		歖		
		歆		
		欵		
		欬		
		欞		
		欛		
		櫧		
		櫤		
		檥		
		檞		
		檝		
		檔		
		檉		
		橳		
		橫		
		橛		
		橖		
		橐		
		橅		
		樾		
		樻		
		樕		
		樏		
		槶		
		槵		
		槪		
		槩		
		槢		
		槏		
		榭		
		榥		
		榀		
		楨		
		楤		
		楣		
		楗		
		楉		
		楂		
		椵		
		椊		
		棼		
		棱		
		棰		
		棭		
		棨		
		棐		
		棈		
		梲		
		梥		
		梣		
		桵		
		桲		
		桛		
		桒		
		栱		
		栬		
		栝		
		栁		
		柼		
		柹		
		柗		
		柀		
		枻		
		枛		
		枘		
		枓		
		极		
		杻		
		杦		
		杈		
		杇		
		朳		
		朓		
		曻		
		曺		
		曨		
		曛		
		曈		
		曆		
		暻		
		暲		
		暠		
		暍		
		晸		
		晷		
		晳		
		晥		
		晡		
		晚		
		晙		
		晌		
		晈		
		昺		
		昳		
		昱		
		昰		
		昫		
		昤		
		昢		
		昞		
		昕		
		昉		
		昀		
		斝		
		敧		
		攩		
		攢		
		擻		
		擷		
		擐		
		擎		
		擊		
		擄		
		撿		
		撾		
		摹		
		摭		
		摠		
		摑		
		搢		
		搔		
		搐		
		揵		
		揭		
		揥		
		捼		
		捥		
		捃		
		挹		
		挘		
		挊		
		拼		
		拖		
		拄		
		抅		
		扯		
		扚		
		扖		
		扃		
		戾		
		戢		
		憼		
		憹		
		憍		
		愷		
		愰		
		愫		
		愜		
		惸		
		惝		
		惕		
		惔		
		惋		
		悞		
		悝		
		恇		
		怵		
		怳		
		怘		
		怔		
		怍		
		忩		
		忡		
		忞		
		忉		
		德		
		徵		
		徯		
		徧		
		徜		
		徉		
		彽		
		彧		
		彤		
		彘		
		彔		
		彅		
		彀		
		弽		
		弶		
		弴		
		弣		
		弝		
		弇		
		异		
		开		
		廹		
		廋		
		庾		
		幷		
		幞		
		幘		
		帘		
		帔		
		巢		
		巋		
		嶸		
		嶧		
		嶤		
		嶠		
		嶁		
		嵭		
		嵓		
		嵊		
		嵇		
		嵆		
		崧		
		崍		
		峴		
		峒		
		峐		
		峋		
		岺		
		岪		
		岣		
		岟		
		岏		
		屺		
		屢		
		屛		
		尫		
		尣		
		尞		
		尒		
		寬		
		寘		
		宓		
		孽		
		孖		
		孁		
		嬥		
		嬙		
		嫄		
		媧		
		媞		
		媄		
		婾		
		婷		
		婭		
		婧		
		娣		
		娓		
		姸		
		姝		
		姒		
		姃		
		妤		
		妒		
		妋		
		奭		
		奝		
		夌		
		壩		
		壠		
		壚		
		壔		
		壒		
		壎		
		墩		
		增		
		墉		
		塼		
		塤		
		塡		
		堉		
		埿		
		埶		
		埵		
		埭		
		埤		
		埏		
		埈		
		埇		
		垸		
		垜		
		坼		
		坷		
		坰		
		圴		
		圳		
		圯		
		圡		
		圊		
		囊		
		囉		
		嚳		
		嚬		
		嚩		
		嚞		
		嚙		
		噶		
		噲		
		噱		
		噯		
		噦		
		噓		
		噉		
		嘻		
		嘎		
		嘈		
		嗎		
		喭		
		喎		
		喆		
		喁		
		啞		
		啐		
		唵		
		唫		
		唎		
		哿		
		哆		
		咩		
		咡		
		咜		
		咖		
		咈		
		呿		
		呴		
		呫		
		呍		
		吧		
		吞		
		吒		
		厲		
		厝		
		厓		
		卽		
		卣		
		卡		
		匜		
		匇		
		匀		
		勻		
		勰		
		勛		
		勖		
		勐		
		勌		
		勈		
		劓		
		剡		
		剝		
		剗		
		剉		
		刕		
		刓		
		刁		
		凮		
		凢		
		凞		
		凊		
		凃		
		冝		
		兗		
		兕		
		兊		
		儵		
		儞		
		儋		
		儆		
		儃		
		僲		
		僦		
		僐		
		僌		
		傔		
		偁		
		偀		
		倻		
		倮		
		倧		
		倘		
		倎		
		倂		
		倁		
		俱		
		俠		
		俉		
		侗		
		侔		
		侊		
		佾		
		佬		
		佪		
		你		
		佟		
		佖		
		佉		
		佈		
		伋		
		伃		
		仿		
		份		
		仡		
		仝		
		亍		
		丰		
		丯		
		丨		
		䰗		
		䦰		
		䡄		
		䗪		
		䖝		
		䑛		
		䑓		
		䉤		
		㽲		
		㸿		
		㰏		
		㯃		
		㮶		
		㬢		
		㟢		
		㞍		
		㓛		
		㒵		
		㐂		
			𪚲	
			𪘚	
			𪘂	
			𪗱	
			𪐷	
			𪎌	
			𪃹	
			𪂂	
			𪀯	
			𪀚	
			𩿎	
			𩻩	
			𩻛	
			𩻄	
			𩺊	
			𩹉	
			𩸽	
			𩸕	
			𩷛	
			𩩲	
			𩣆	
			𩝐	
			𩜙	
			𩛰	
			𩙿	
			𩗏	
			𩒐	
			𩊱	
			𩊠	
			𨿸	
			𨼲	
			𨻫	
			𨺉	
			𨸶	
			𨸟	
			𨷻	
			𨵱	
			𨴐	
			𨯯	
			𨯁	
			𨫤	
			𨫝	
			𨫍	
			𨪙	
			𨩱	
			𨩃	
			𨨩	
			𨨞	
			𨦻	
			𨦺	
			𨦈	
			𨦇	
			𨥫	
			𨥉	
			𨥆	
			𨛺	
			𨛗	
			𨗉	
			𨗈	
			𨕫	
			𨑕	
			𨐌	
			𨋳	
			𨊂	
			𨂻	
			𨂊	
			𧾷	
			𧸐	
			𧶠	
			𧲸	
			𧯇	
			𧮾	
			𧮳	
			𧪄	
			𧦅	
			𧝒	
			𧜣	
			𧜎	
			𧚓	
			𧘱	
			𧘕	
			𧘔	
			𧑉	
			𧐐	
			𧏾	
			𧏛	
			𧏚	
			𧄹	
			𧄍	
			𦿸	
			𦿷	
			𦿶	
			𦾔	
			𦹥	
			𦳝	
			𦱳	
			𦰩	
			𦪷	
			𦪌	
			𦩘	
			𦨞	
			𦧝	
			𦥯	
			𦥑	
			𦣪	
			𦣝	
			𦜝	
			𦚰	
			𦙾	
			𦐂	
			𦍌	
			𦊆	
			𦉰	
			𦃭	
			𦁠	
			𦀗	
			𦀌	
			𥿻	
			𥿠	
			𥿔	
			𥽜	
			𥼣	
			𥻨	
			𥻘	
			𥻂	
			𥹥	
			𥹢	
			𥹖	
			𥸮	
			𥱤	
			𥱋	
			𥮲	
			𥫱	
			𥫤	
			𥫣	
			𥧔	
			𥞴	
			𥞩	
			𥖧	
			𥓙	
			𥐮	
			𥉌	
			𥈞	
			𥇥	
			𥇍	
			𥆩	
			𥄢	
			𥁕	
			𥁊	
			𤺋	
			𤹪	
			𤸷	
			𤸎	
			𤴔	
			𤰖	
			𤭯	
			𤭖	
			𤩍	
			𤢖	
			𤚥	
			𤘩	
			𤎼	
			𤇾	
			𤇆	
			𤄃	
			𤂖	
			𣽾	
			𣷺	
			𣷹	
			𣷓	
			𣵀	
			𣴎	
			𣴀	
			𣱿	
			𣪘	
			𣠽	
			𣠤	
			𣟿	
			𣟧	
			𣝤	
			𣜜	
			𣜌	
			𣙇	
			𣘺	
			𣘹	
			𣘸	
			𣖔	
			𣕚	
			𣓤	
			𣑥	
			𣑑	
			𣑋	
			𣑊	
			𣏤	
			𣏟	
			𣏚	
			𣏕	
			𣏓	
			𣏒	
			𣏐	
			𣍲	
			𣇵	
			𣇃	
			𣆶	
			𢷡	
			𢰤	
			𢰝	
			𢮦	
			𢭐	
			𢭏	
			𢭆	
			𢪸	
			𢦏	
			𢢫	
			𢡛	
			𢛳	
			𢎭	
			𢌞	
			𢈘	
			𢅻	
			𡿺	
			𡽶	
			𡼞	
			𡸳	
			𡷠	
			𡶷	
			𡶡	
			𡶜	
			𡶒	
			𡵸	
			𡵢	
			𡵅	
			𡴭	
			𡱖	
			𡧃	
			𡝂	
			𡜆	
			𡙇	
			𡗗	
			𡑭	
			𡏄	
			𡍄	
			𡌶	
			𡋽	
			𡋤	
			𡋗	
			𡉻	
			𡉴	
			𡉕	
			𡈁	
			𠽟	
			𠺕	
			𠹭	
			𠹤	
			𠷡	
			𠵅	
			𠬝	
			𠫓	
			𠦝	
			𠥼	
			𠢹	
			𠠺	
			𠠇	
			𠝏	
			𠘨	
			𠗖	
			𠔉	
			𠑊	
			𠏹	
			𠎁	
			𠍱	
			𠌫	
			𠈓	
			𠆢	
			𠂤	
			𠂢	
			𠂉	
			辶	
			艹	
			艹	
			縉	
			爫	
			﨤	
			﨡	
			蘒	
			﨓	
			齵	
			齰	
			齭	
			齩	
			齝	
			齘	
			齕	
			齓	
			齆	
			齅	
			齁	
			鼽	
			鼺	
			鼷	
			鼯	
			鼙	
			鼗	
			鼃	
			鼂	
			黿	
			黮	
			黧	
			黟	
			麽	
			麨	
			麛	
			麅	
			麀	
			鹻	
			鸝	
			鸜	
			鸙	
			鸍	
			鸊	
			鸂	
			鷴	
			鷣	
			鷠	
			鷟	
			鷚	
			鷖	
			鷉	
			鷇	
			鷃	
			鶿	
			鶽	
			鶹	
			鶵	
			鶡	
			鶙	
			鶍	
			鶄	
			鵾	
			鵷	
			鵶	
			鵳	
			鵫	
			鵩	
			鵢	
			鵟	
			鵊	
			鵂	
			鴲	
			鴘	
			鴗	
			鴑	
			鴋	
			鴂	
			鳲	
			鳦	
			鱺	
			鱵	
			鱲	
			鱰	
			鱮	
			鱭	
			鱫	
			鱪	
			鱩	
			鱟	
			鱝	
			鱜	
			鱛	
			鱘	
			鱔	
			鱊	
			鱉	
			鱅	
			鰷	
			鰶	
			鰱	
			鰪	
			鰩	
			鰧	
			鰢	
			鰝	
			鰚	
			鰙	
			鰘	
			鰖	
			鯺	
			鯷	
			鯳	
			鯯	
			鯮	
			鯫	
			鯪	
			鯧	
			鯝	
			鯘	
			鯇	
			鮾	
			鮸	
			鮲	
			鮱	
			鮬	
			鮦	
			魷	
			魶	
			魳	
			魬	
			魫	
			魥	
			魣	
			魋	
			鬽	
			鬳	
			鬫	
			鬜	
			鬖	
			鬒	
			鬐	
			鬌	
			鬃	
			髩	
			髥	
			髠	
			髜	
			髕	
			髒	
			髐	
			髆	
			骹	
			骷	
			骯	
			驘	
			驌	
			驄	
			騶	
			騱	
			騠	
			騚	
			騖	
			騑	
			騊	
			駼	
			駹	
			駰	
			駞	
			駙	
			駔	
			駉	
			駃	
			馿	
			馽	
			馹	
			馦	
			馣	
			饠	
			饟	
			饜	
			饎	
			饍	
			饆	
			饁	
			饀	
			餼	
			餻	
			餺	
			餳	
			餲	
			餱	
			餜	
			餛	
			餚	
			餗	
			餖	
			餈	
			飳	
			飱	
			飰	
			飪	
			飥	
			飣	
			飡	
			飠	
			飋	
			飇	
			飂	
			颿	
			颼	
			颻	
			颸	
			颷	
			颰	
			颭	
			颫	
			顦	
			顇	
			頳	
			頲	
			頥	
			頣	
			頖	
			頔	
			頎	
			頍	
			頄	
			韱	
			韡	
			韙	
			韘	
			韔	
			韑	
			韌	
			鞾	
			鞲	
			鞱	
			鞢	
			鞞	
			鞚	
			鞖	
			靪	
			靛	
			靗	
			靕	
			靇	
			靁	
			霶	
			霣	
			霔	
			雝	
			雚	
			雘	
			隽	
			隺	
			隳	
			隯	
			隩	
			隚	
			隂	
			陡	
			陁	
			阼	
			阴	
			阳	
			阬	
			阝	
			闈	
			閴	
			閫	
			閍	
			閌	
			閆	
			镹	
			镸	
			鑯	
			鑭	
			鑅	
			鐻	
			鐴	
			鐲	
			鐗	
			鐖	
			鐏	
			鐉	
			鏻	
			鏵	
			鏱	
			鏧	
			鏢	
			鏜	
			鏇	
			鏁	
			鎡	
			鎞	
			鎏	
			鎋	
			鎈	
			鍳	
			鍱	
			鍫	
			鍚	
			鍗	
			鍑	
			鍇	
			錩	
			錧	
			錞	
			錝	
			錕	
			錑	
			錍	
			錂	
			鋻	
			鋹	
			鋷	
			鋧	
			鋥	
			鋙	
			鋗	
			鋐	
			鋎	
			鋆	
			鋀	
			銿	
			銲	
			銫	
			銧	
			銟	
			銙	
			銗	
			銍	
			銉	
			鉿	
			鉽	
			鉼	
			鉨	
			鉧	
			鉥	
			鉡	
			鉠	
			鉙	
			鉖	
			鉑	
			鉎	
			鉊	
			鉇	
			鉂	
			鈳	
			鈗	
			鈖	
			鈊	
			鈁	
			釮	
			釬	
			釚	
			釄	
			釃	
			醶	
			醳	
			醮	
			醨	
			醎	
			醅	
			酹	
			酴	
			酤	
			酡	
			酙	
			酗	
			酇	
			酆	
			鄺	
			鄹	
			鄷	
			鄞	
			鄜	
			鄘	
			鄆	
			鄄	
			鄀	
			郿	
			郾	
			郶	
			郲	
			郫	
			郟	
			郜	
			郈	
			郃	
			邶	
			邰	
			邡	
			邐	
			邌	
			邅	
			遝	
			遄	
			遃	
			逷	
			逌	
			适	
			迻	
			迵	
			迱	
			迠	
			迕	
			迓	
			迍	
			迊	
			迆	
			迁	
			辶	
			辴	
			辤	
			轘	
			轊	
			轀	
			輫	
			輗	
			輈	
			輀	
			軹	
			軔	
			軑	
			躻	
			躶	
			躵	
			躳	
			躮	
			躞	
			躘	
			蹯	
			蹭	
			蹬	
			蹢	
			蹔	
			蹋	
			踹	
			踶	
			踧	
			踢	
			踡	
			踖	
			踔	
			踌	
			踆	
			跽	
			跬	
			跙	
			跈	
			跆	
			趦	
			趕	
			趄	
			赬	
			贎	
			贉	
			賱	
			賰	
			賙	
			賖	
			賕	
			貤	
			貛	
			貙	
			貓	
			貒	
			豳	
			豭	
			豩	
			豗	
			豔	
			豏	
			豇	
			豅	
			谽	
			谹	
			讞	
			讜	
			讕	
			讔	
			讋	
			讁	
			譿	
			譶	
			譞	
			譑	
			譃	
			謭	
			謟	
			謜	
			謍	
			謊	
			謅	
			諼	
			諗	
			誾	
			誷	
			誮	
			誐	
			詘	
			詍	
			詅	
			訾	
			訵	
			訡	
			訔	
			訑	
			觿	
			觽	
			觳	
			觱	
			觫	
			觘	
			觖	
			覷	
			覰	
			覟	
			覐	
			覉	
			覀	
			襢	
			襉	
			襅	
			襂	
			褷	
			褁	
			裱	
			裰	
			裛	
			裓	
			裒	
			裑	
			裀	
			袾	
			袽	
			袼	
			袠	
			衯	
			衩	
			衤	
			衟	
			衘	
			衊	
			蠼	
			蠲	
			蠮	
			蠨	
			蠓	
			蠋	
			蠃	
			蠁	
			蟵	
			蟭	
			蟫	
			蟪	
			蟦	
			蟥	
			蟣	
			蟟	
			蟎	
			蟁	
			螾	
			螧	
			螠	
			螓	
			螋	
			螉	
			蝼	
			蝲	
			蝥	
			蝤	
			蝘	
			蝑	
			蝃	
			蝀	
			蜾	
			蜺	
			蜱	
			蜣	
			蜡	
			蜟	
			蜙	
			蜓	
			蜐	
			蜎	
			蜇	
			蜅	
			蛦	
			蛣	
			蛗	
			蛕	
			蛑	
			蛃	
			蛁	
			蚳	
			蚱	
			蚨	
			蚝	
			蚜	
			蚑	
			蚍	
			蚉	
			蚇	
			虺	
			虷	
			虯	
			虖	
			虓	
			虀	
			蘼	
			蘹	
			蘧	
			蘤	
			蘡	
			蘞	
			蘑	
			蘀	
			藶	
			藦	
			藡	
			藟	
			藙	
			藘	
			藊	
			藇	
			薼	
			薷	
			薟	
			薝	
			薓	
			薆	
			薁	
			蕿	
			蕽	
			蕻	
			蕯	
			蕢	
			蕡	
			蕞	
			蕓	
			蕑	
			蕏	
			蔾	
			蔴	
			蔫	
			蔥	
			蔤	
			蔛	
			蔌	
			蓽	
			蓺	
			蓱	
			蓰	
			蓯	
			蓪	
			蓧	
			蓜	
			蓓	
			蓏	
			蓎	
			蒾	
			蒦	
			蒗	
			蒁	
			葼	
			葸	
			葶	
			葥	
			葜	
			葚	
			葙	
			葒	
			葑	
			葏	
			葊	
			萹	
			萗	
			萕	
			萑	
			萏	
			菹	
			菥	
			菝	
			菔	
			菐	
			菉	
			莝	
			莛	
			莕	
			莔	
			莍	
			荿	
			荣	
			荗	
			荔	
			荄	
			茼	
			茰	
			茝	
			茛	
			茌	
			茈	
			茇	
			苷	
			苨	
			苢	
			芼	
			芺	
			芴	
			芲	
			芨	
			芧	
			芓	
			芊	
			芃	
			艿	
			艽	
			艹	
			艣	
			艜	
			艗	
			艏	
			艋	
			艉	
			艆	
			艅	
			舼	
			舴	
			舲	
			舢	
			舡	
			舙	
			舄	
			臿	
			臽	
			臬	
			臤	
			臛	
			臖	
			臃	
			臁	
			膲	
			膘	
			膅	
			膄	
			膁	
			腩	
			脽	
			脵	
			脬	
			脧	
			脤	
			脞	
			脖	
			脍	
			胻	
			胵	
			胦	
			胘	
			胕	
			胅	
			肸	
			肧	
			肤	
			肜	
			肙	
			聻	
			聵	
			聱	
			聦	
			聃	
			耰	
			耬	
			耤	
			耖	
			耑	
			耎	
			耊	
			耈	
			耂	
			翲	
			翯	
			翥	
			翣	
			翏	
			翃	
			羭	
			羜	
			羖	
			羐	
			罾	
			罽	
			罭	
			罤	
			罣	
			罡	
			罒	
			罏	
			罄	
			罃	
			缾	
			缼	
			缻	
			纚	
			纘	
			纑	
			纇	
			纆	
			繾	
			繵	
			繳	
			繅	
			縬	
			縧	
			縠	
			縝	
			縗	
			縐	
			緹	
			緱	
			緦	
			緙	
			緗	
			緀	
			綷	
			綶	
			綪	
			綧	
			綝	
			綗	
			綌	
			綈	
			綆	
			絿	
			絰	
			絪	
			絚	
			絙	
			絇	
			絀	
			紾	
			紽	
			紞	
			紒	
			紉	
			紃	
			糵	
			糫	
			糦	
			糗	
			糍	
			糈	
			糄	
			粿	
			粷	
			粶	
			粦	
			籰	
			籯	
			籮	
			籩	
			籡	
			籞	
			籗	
			籑	
			籊	
			籅	
			簦	
			簏	
			簎	
			簋	
			簃	
			篰	
			篪	
			篚	
			篖	
			篔	
			篊	
			篅	
			箼	
			箵	
			箯	
			箛	
			箑	
			箐	
			筿	
			筹	
			筳	
			筩	
			筦	
			筤	
			筕	
			筁	
			笽	
			笱	
			笯	
			笮	
			笪	
			笧	
			笇	
			竴	
			竨	
			竧	
			竑	
			竌	
			窾	
			窼	
			窹	
			窬	
			窣	
			窐	
			窊	
			窂	
			穸	
			穵	
			穪	
			穧	
			穠	
			穟	
			穜	
			穙	
			穖	
			穌	
			穇	
			稸	
			稭	
			稞	
			稛	
			稕	
			稑	
			稊	
			秖	
			种	
			秌	
			秇	
			秂	
			离	
			禴	
			禩	
			禡	
			禛	
			禖	
			禕	
			禔	
			祲	
			祧	
			祛	
			祘	
			祊	
			礻	
			礰	
			礥	
			礛	
			礐	
			磾	
			磻	
			磺	
			磹	
			磦	
			磡	
			磠	
			磕	
			磎	
			磌	
			磈	
			碻	
			碤	
			碟	
			碞	
			碝	
			碔	
			碊	
			硪	
			硤	
			硇	
			砬	
			砡	
			砙	
			砍	
			砉	
			砆	
			砅	
			矻	
			矴	
			矰	
			矬	
			矪	
			矦	
			矤	
			矟	
			矞	
			瞩	
			瞤	
			瞢	
			瞟	
			瞚	
			睽	
			睼	
			睲	
			睪	
			睠	
			睘	
			眵	
			眭	
			眚	
			眗	
			盬	
			盨	
			盉	
			皯	
			皨	
			皧	
			皡	
			皠	
			皜	
			皕	
			癮	
			癕	
			癉	
			癁	
			瘼	
			瘳	
			瘨	
			瘥	
			瘜	
			瘛	
			瘘	
			瘓	
			瘏	
			瘇	
			瘃	
			痹	
			痱	
			痮	
			痬	
			痧	
			痠	
			痟	
			痝	
			痓	
			痏	
			痆	
			痀	
			疿	
			疷	
			疰	
			疢	
			疌	
			疁	
			畾	
			畽	
			畺	
			畲	
			畱	
			畬	
			畒	
			畐	
			畎	
			畈	
			畀	
			甾	
			甽	
			甪	
			甤	
			甠	
			瓺	
			瓯	
			瓫	
			瓞	
			瓘	
			瓖	
			璻	
			璺	
			璹	
			璫	
			璪	
			璥	
			璡	
			璠	
			璙	
			璗	
			璒	
			璈	
			璅	
			璁	
			瑱	
			瑝	
			瑓	
			瑒	
			瑍	
			瑃	
			瑀	
			琹	
			琱	
			琤	
			琓	
			琁	
			珺	
			珹	
			珧	
			珡	
			珋	
			珅	
			玿	
			玼	
			玹	
			玷	
			玵	
			玨	
			玥	
			玞	
			玜	
			玘	
			玔	
			玊	
			玅	
			玁	
			獷	
			獱	
			獯	
			獮	
			獬	
			獫	
			獒	
			猽	
			猹	
			猳	
			猱	
			猬	
			猙	
			猘	
			猒	
			猇	
			狺	
			狳	
			狌	
			狁	
			犱	
			犰	
			犮	
			犭	
			犎	
			牿	
			牸	
			牯	
			牮	
			牣	
			牗	
			牓	
			牂	
			爹	
			爸	
			爴	
			爫	
			爇	
			燜	
			燙	
			燓	
			燋	
			熳	
			熯	
			熮	
			熢	
			熠	
			熛	
			熖	
			熀	
			煞	
			煓	
			煐	
			煊	
			焱	
			焯	
			焌	
			焈	
			焇	
			焆	
			焄	
			焃	
			烬	
			烜	
			烓	
			烑	
			烊	
			炻	
			炱	
			炟	
			炗	
			炕	
			炆	
			炁	
			灾	
			灶	
			灮	
			灬	
			灩	
			灥	
			灔	
			灋	
			灇	
			灃	
			瀼	
			瀺	
			瀹	
			瀣	
			瀊	
			瀇	
			瀀	
			濼	
			濩	
			濞	
			濚	
			濉	
			濈	
			澾	
			澵	
			澯	
			澥	
			澟	
			澘	
			澖	
			澐	
			潽	
			潨	
			潠	
			潚	
			潗	
			潒	
			漼	
			漶	
			漵	
			漥	
			漘	
			漌	
			漊	
			滻	
			滹	
			滫	
			滙	
			滊	
			滃	
			溿	
			溴	
			溧	
			溓	
			湣	
			湗	
			湔	
			湓	
			湑	
			湏	
			湌	
			湋	
			湉	
			湈	
			渼	
			渶	
			渲	
			渧	
			渢	
			渞	
			渗	
			淶	
			淩	
			淟	
			淐	
			淏	
			淎	
			淈	
			淂	
			涴	
			涮	
			涫	
			涘	
			涑	
			涍	
			涊	
			涁	
			涀	
			浰	
			浠	
			浞	
			浛	
			洼	
			洴	
			洯	
			洧	
			洦	
			洤	
			洊	
			洀	
			泭	
			泬	
			泩	
			泜	
			泚	
			泖	
			泐	
			泂	
			沭	
			沗	
			沕	
			沔	
			沉	
			沄	
			汭	
			汧	
			汛	
			汍	
			氿	
			氺	
			氶	
			氵	
			氎	
			氊	
			氂	
			毱	
			毮	
			毧	
			毦	
			毚	
			毉	
			毈	
			毇	
			殾	
			殽	
			殮	
			殛	
			殁	
			歺	
			歵	
			歬	
			歘	
			歊	
			欯	
			欗	
			欑	
			欐	
			欏	
			欋	
			櫽	
			櫳	
			櫲	
			櫱	
			櫬	
			櫝	
			櫜	
			櫔	
			櫐	
			櫆	
			檽	
			檫	
			檡	
			檟	
			檑	
			檋	
			檃	
			橾	
			橺	
			橤	
			橒	
			橎	
			橉	
			橆	
			樿	
			樴	
			樳	
			樲	
			樰	
			樝	
			樚	
			樑	
			槾	
			槴	
			槳	
			槯	
			槮	
			槣	
			槖	
			槑	
			槀	
			榼	
			榺	
			榷	
			榰	
			榦	
			榘	
			榖	
			榒	
			楿	
			楺	
			楲	
			楬	
			楩	
			楆	
			椻	
			椇	
			椃	
			棻	
			棷	
			棬	
			棥	
			棤	
			棙	
			棖	
			棏	
			棌	
			棅	
			棃	
			梻	
			梴	
			梫	
			梪	
			梜	
			梚	
			梙	
			梘	
			梖	
			梐	
			梂	
			桼	
			桺	
			桮	
			桫	
			桗	
			桕	
			桌	
			桉	
			桅	
			桄	
			栾	
			栻	
			栳	
			栭	
			栟	
			栘	
			栐	
			柷	
			柰	
			柛	
			柙	
			柒	
			柈	
			柃	
			枲	
			枰	
			枒	
			杶	
			杴	
			杝	
			杔	
			杍	
			杌	
			朙	
			朒	
			朅	
			朁	
			曬	
			暿	
			暵	
			暱	
			暭	
			暙	
			暒	
			暐	
			暀	
			晻	
			晭	
			晬	
			晫	
			晪	
			晣	
			晛	
			晗	
			晑	
			晎	
			晅	
			昪	
			昡	
			昈	
			昄	
			旼	
			旹	
			旲	
			旔	
			旉	
			旂	
			斿	
			斸	
			斵	
			斲	
			斊	
			斅	
			斄	
			斁	
			敺	
			敫	
			敔	
			敄	
			攲	
			攞	
			攖	
			攔	
			攏	
			攄	
			擿	
			擥	
			擤	
			擗	
			擕	
			擌	
			擋	
			撟	
			撝	
			撑	
			撇	
			摽	
			摳	
			摝	
			摛	
			摚	
			搯	
			搩	
			搥	
			搞	
			搉	
			揷	
			揲	
			揬	
			揫	
			揠	
			揜	
			揕	
			揔	
			掽	
			掙	
			掔	
			掄	
			捬	
			捙	
			捎	
			捄	
			捁	
			挼	
			挻	
			挵	
			挲	
			挐	
			挍	
			挃	
			拽	
			拕	
			抦	
			抙	
			扻	
			扳	
			扭	
			扤	
			扡	
			扒	
			扑	
			扌	
			扆	
			戩	
			戣	
			戕	
			懵	
			懟	
			懝	
			懕	
			憭	
			憨	
			憥	
			憘	
			憗	
			憓	
			憒	
			慼	
			慠	
			慆	
			慁	
			愺	
			愞	
			愙	
			愓	
			愒	
			愐	
			惵	
			惲	
			惮	
			惛	
			惙	
			惈	
			悾	
			悱	
			悰	
			您	
			悕	
			悊	
			恿	
			恌	
			怤	
			怢	
			怗	
			忼	
			忳	
			忯	
			忮	
			忢	
			忔	
			忓	
			忒	
			忋	
			忇	
			忄	
			徸	
			徤	
			徢	
			徏	
			彾	
			彲	
			彣	
			彇	
			弞	
			弜	
			弎	
			弈	
			廽	
			廙	
			廒	
			廆	
			庿	
			庹	
			庬	
			庪	
			庥	
			幮	
			幭	
			幬	
			幫	
			幖	
			幉	
			帾	
			帮	
			帟	
			帕	
			帒	
			帀	
			巩	
			巤	
			巠	
			巘	
			巗	
			巑	
			嶹	
			嶴	
			嶲	
			嶰	
			嶙	
			嶗	
			嶔	
			嶒	
			嶈	
			嵰	
			嵪	
			嵡	
			嵂	
			崹	
			崱	
			崫	
			崦	
			崤	
			崠	
			崝	
			崐	
			崆	
			峉	
			岵	
			岭	
			岧	
			岦	
			岢	
			岠	
			岊	
			岈	
			屼	
			屰	
			屩	
			屨	
			屧	
			屣	
			屟	
			尰	
			尩	
			尃	
			寽	
			寱	
			寖	
			寎	
			寀	
			宬	
			宖	
			宄	
			宁	
			孿	
			孼	
			孯	
			孨	
			孒	
			孌	
			嬴	
			嬭	
			嬗	
			嬈	
			嬀	
			嫵	
			嫰	
			嫮	
			嫥	
			嫠	
			嫜	
			嫚	
			媿	
			媺	
			媵	
			媳	
			媱	
			媢	
			媠	
			媟	
			媜	
			媋	
			婺	
			婥	
			婕	
			娭	
			娧	
			娗	
			娍	
			娌	
			姮	
			姧	
			姤	
			姣	
			姞	
			姍	
			姈	
			妼	
			妮	
			妟	
			奼	
			奶	
			奵	
			奟	
			奛	
			奆	
			夽	
			夤	
			夔	
			复	
			夋	
			夆	
			夅	
			壴	
			壳	
			壢	
			壍	
			壃	
			墱	
			墪	
			墝	
			墔	
			墐	
			墏	
			墍	
			墋	
			墊	
			塧	
			塌	
			塉	
			堹	
			堲	
			堧	
			堠	
			堞	
			堄	
			埽	
			埻	
			埸	
			埰	
			埦	
			埞	
			埗	
			埌	
			垬	
			垨	
			垞	
			垝	
			垚	
			坻	
			坵	
			坴	
			坳	
			坯	
			坨	
			坍	
			坌	
			坆	
			坅	
			圩	
			圣	
			圕	
			囷	
			囶	
			囨	
			囟	
			囍	
			囅	
			嚲	
			嚭	
			嚨	
			嚝	
			嚚	
			嚕	
			嚌	
			嚈	
			噭	
			噠	
			噞	
			噇	
			噀	
			嘿	
			嘽	
			嘷	
			嘰	
			嘨	
			嘐	
			嘇	
			嗩	
			嗢	
			嗝	
			嗒	
			嗑	
			嗌	
			嗉	
			喿	
			喑	
			喈	
			喂	
			啽	
			啤	
			啡	
			啠	
			啊	
			啇	
			啁	
			唼	
			唉	
			唁	
			唀	
			哳	
			哱	
			哯	
			哬	
			哃	
			咿	
			咺	
			咷	
			咮	
			咭	
			咦	
			咠	
			咕	
			咍	
			咊	
			呬	
			呦	
			呢	
			呕	
			呃	
			吨	
			吤	
			叵	
			叴	
			叚	
			叕	
			叀	
			厷	
			厴	
			厤	
			卺	
			卬	
			卧	
			卂	
			匾	
			匵	
			匤	
			匋	
			匊	
			勷	
			勑	
			勊	
			劻	
			劺	
			劯	
			劦	
			劤	
			劘	
			劄	
			劂	
			剷	
			剬	
			剜	
			剕	
			刖	
			划	
			刂	
			凴	
			凳	
			冼	
			冭	
			冣	
			冘	
			冋	
			冃	
			养	
			关	
			兠	
			儛	
			儗	
			儈	
			僳	
			僩	
			僡	
			僙	
			僔	
			僎	
			僇	
			僄	
			傻	
			傺	
			傱	
			傪	
			傣	
			傜	
			傖	
			傕	
			傓	
			傒	
			傈	
			偰	
			偪	
			偦	
			偣	
			偗	
			偓	
			偎	
			偆	
			偂	
			倢	
			倞	
			倜	
			倓	
			倐	
			倀	
			俲	
			俦	
			俒	
			俏	
			俋	
			俅	
			侾	
			侲	
			侚	
			侒	
			侅	
			侂	
			佽	
			佺	
			佸	
			佷	
			佤	
			佘	
			佔	
			伾	
			伷	
			伖	
			伀	
			仵	
			仱	
			仫	
			仚	
			仐	
			仈	
			仃	
			亼	
			亻	
			亹	
			亝	
			乩	
			乚	
			乑	
			么	
			乇	
			乀	
			丮	
			丬	
			丫	
			丩	
			丒	
			丏	
			丂	
			䵷	
			䴇	
			䳑	
			䳄	
			䰠	
			䯨	
			䯒	
			䯊	
			䯂	
			䬻	
			䪼	
			䨩	
			䨄	
			䧺	
			䧧	
			䢵	
			䡎	
			䠖	
			䟽	
			䝤	
			䜌	
			䚯	
			䚡	
			䙥	
			䙁	
			䘏	
			䗥	
			䖸	
			䕃	
			䔥	
			䔍	
			䔈	
			䓔	
			䒾	
			䒳	
			䒑	
			䑺	
			䑶	
			䐢	
			䐜	
			䐗	
			䐈	
			䏰	
			䏮	
			䍃	
			䌫	
			䌂	
			䋝	
			䋖	
			䋆	
			䈎	
			䈇	
			䇳	
			䇮	
			䇦	
			䆿	
			䆴	
			䅣	
			䅏	
			䅈	
			䄅	
			䂓	
			䁘	
			䀹	
			㿗	
			㿉	
			㾮	
			㽷	
			㽵	
			㽗	
			㺔	
			㺃	
			㹨	
			㹦	
			㹠	
			㸅	
			㷔	
			㷀	
			㶚	
			㵤	
			㴞	
			㴑	
			㳒	
			㳃	
			㰦	
			㯰	
			㯍	
			㮤	
			㮍	
			㮈	
			㮇	
			㭷	
			㭭	
			㬜	
			㬚	
			㬎	
			㫪	
			㫗	
			㫖	
			㩳	
			㩮	
			㥯	
			㤚	
			㤗	
			㣺	
			㡡	
			㡜	
			㡀	
			㠶	
			㠯	
			㠀	
			㟽	
			㟴	
			㟨	
			㟁	
			㝵	
			㝬	
			㝫	
			㝢	
			㝡	
			㛏	
			㚙	
			㚖	
			㚑	
			㙊	
			㘅	
			㗴	
			㗚	
			㗅	
			㖨	
			㖦	
			㕮	
			㕣	
			㕞	
			㕝	
			㔟	
			㓇	
			㓁	
			㒼	
			㒒	
			㑪	
			㑨	
			㐮	
			㐬	
			㐆	
				丄
				丅
				丌
				丟
				丣
				两
				丵
				乁
				乄
				乜
				乣
				乨
				乴
				乵
				乹
				乿
				亖
				亗
				亯
				仛
				仠
				仢
				仨
				仯
				仳
				仾
				伂
				伈
				伌
				伒
				伕
				众
				伙
				伮
				伱
				伳
				伵
				伹
				伻
				佀
				佂
				佋
				佌
				佒
				佣
				佮
				佱
				佹
				侁
				侄
				侉
				侌
				侎
				侐
				侓
				侙
				侞
				侟
				侷
				侹
				侻
				侼
				侽
				俀
				俁
				俆
				俈
				俌
				俍
				俜
				俢
				俰
				俼
				俽
				俿
				倄
				倇
				倊
				倌
				倗
				倛
				倝
				倰
				倲
				倳
				倵
				偅
				偊
				偌
				偑
				偒
				偙
				偟
				偠
				偢
				偧
				偭
				偱
				傁
				傃
				傄
				傆
				傊
				傎
				傏
				傐
				傛
				傞
				傟
				傠
				傡
				傢
				傯
				傰
				傹
				傽
				僀
				僃
				僓
				僘
				僜
				僝
				僟
				僢
				僤
				僨
				僯
				僱
				僶
				僺
				僾
				儇
				儌
				儍
				儎
				儐
				儙
				儜
				儝
				儣
				儧
				儨
				儬
				儭
				儯
				儱
				儳
				儴
				儸
				儹
				兂
				兏
				兓
				兘
				兟
				兤
				兦
				兾
				冄
				冎
				冡
				冸
				冺
				冾
				冿
				凂
				凈
				减
				凑
				凒
				凓
				凕
				凘
				凥
				凲
				凷
				刅
				刘
				刢
				刨
				刱
				刲
				刵
				刼
				剅
				剘
				剚
				剟
				剠
				剦
				剮
				剸
				剹
				劀
				劅
				劊
				劌
				劕
				劖
				劗
				劚
				劜
				劥
				劧
				劰
				劶
				劷
				劸
				劽
				勀
				勄
				勆
				勏
				勔
				勜
				勡
				勥
				勨
				勩
				勪
				勬
				勱
				勴
				勶
				匃
				匌
				匑
				匓
				匘
				匛
				匞
				匟
				匥
				匧
				匨
				匩
				匫
				匬
				匭
				匰
				匲
				匼
				匽
				卋
				卌
				卙
				卛
				卥
				卭
				卲
				卹
				卾
				厃
				厇
				厈
				厎
				厔
				厙
				厡
				厪
				厫
				厯
				厵
				厸
				厺
				厽
				叅
				叏
				叒
				叓
				叝
				叞
				叠
				另
				叧
				吂
				吓
				吚
				吡
				吪
				启
				吱
				吴
				吵
				呄
				呇
				呏
				呞
				呤
				呧
				呩
				呭
				呮
				咁
				咃
				咅
				咉
				咑
				咟
				咧
				咪
				咱
				咹
				咻
				哊
				响
				哎
				哠
				哪
				哶
				哼
				哾
				唅
				唈
				唌
				唍
				唕
				唪
				唲
				唶
				唻
				唽
				啉
				啍
				啑
				啘
				啚
				啛
				啦
				啿
				喏
				喒
				喓
				喔
				喗
				喣
				喤
				喲
				嗁
				嗃
				嗆
				嗋
				嗓
				嗗
				嗘
				嗛
				嗞
				嗶
				嗿
				嘅
				嘊
				嘍
				嘏
				嘑
				嘒
				嘙
				嘬
				嘳
				嘵
				嘹
				嘼
				噁
				噃
				噄
				噆
				噋
				噍
				噏
				噔
				噡
				噢
				噣
				噩
				噵
				嚄
				嚅
				嚋
				嚟
				嚦
				嚧
				嚫
				嚱
				嚷
				嚾
				囋
				囌
				囏
				囐
				囙
				囜
				囝
				囡
				囤
				囥
				囦
				囧
				囫
				园
				囱
				圁
				圂
				圇
				圌
				圑
				圚
				圛
				圝
				圠
				圢
				圤
				圥
				圪
				圬
				圮
				圽
				圾
				圿
				坒
				坢
				坥
				坧
				坫
				坭
				坮
				坱
				坹
				坺
				坾
				垁
				垃
				垌
				垔
				垕
				垗
				垙
				垟
				垡
				垧
				垩
				垽
				埕
				埝
				埡
				埧
				埩
				埾
				堃
				堈
				堌
				堍
				堛
				堟
				堦
				堭
				堿
				塍
				塏
				塐
				塕
				塟
				塨
				塸
				塿
				墀
				墁
				墇
				墈
				墌
				墖
				墠
				墡
				墢
				墦
				墲
				墼
				壂
				壄
				壈
				壐
				壖
				壝
				壡
				夒
				夓
				夝
				夡
				夣
				夨
				夯
				夰
				夳
				夵
				夶
				夿
				奃
				奒
				奓
				奙
				奞
				奡
				奣
				奫
				奯
				奲
				她
				奻
				妌
				妎
				妕
				妗
				妧
				妭
				妯
				妰
				妳
				妷
				妺
				姁
				姄
				姊
				姟
				姯
				姱
				姲
				姴
				姷
				娀
				娄
				娎
				娒
				娞
				娤
				娨
				娪
				娰
				婄
				婅
				婇
				婈
				婌
				婐
				婞
				婣
				婻
				媐
				媓
				媖
				媙
				媬
				媲
				媸
				媻
				嫆
				嫈
				嫏
				嫪
				嫶
				嫽
				嬁
				嬛
				嬝
				嬡
				嬸
				孋
				孞
				孮
				孾
				宆
				宊
				宎
				宐
				宑
				宔
				宨
				宩
				宭
				宯
				宱
				宲
				宷
				宺
				宼
				寁
				寍
				寏
				寗
				寙
				寚
				寠
				寯
				寴
				尌
				尗
				尟
				尦
				尬
				尮
				尲
				尵
				尶
				屙
				屚
				屜
				屭
				屴
				屵
				屻
				屽
				岇
				岒
				岝
				岲
				岴
				峗
				峝
				峮
				峱
				峲
				崁
				崒
				崣
				崴
				崽
				崿
				嵃
				嵈
				嵑
				嵕
				嵙
				嵟
				嵠
				嵢
				嵤
				嵹
				嵺
				嵾
				嵿
				嶃
				嶊
				嶓
				嶕
				嶛
				嶟
				嶫
				巃
				巇
				巎
				巐
				巙
				巸
				巹
				帇
				帍
				帠
				帨
				帲
				帵
				幋
				幐
				幑
				幛
				幜
				幨
				幪
				幰
				庀
				庋
				庎
				庢
				庤
				庨
				庱
				庳
				庽
				廌
				廎
				廑
				廔
				廕
				廜
				廞
				廥
				廫
				弆
				弙
				弡
				弢
				弤
				弨
				弫
				弬
				弮
				弰
				弻
				弿
				彄
				彍
				彐
				彛
				彠
				彯
				彴
				彵
				彸
				彺
				徍
				徖
				徝
				徫
				徬
				徰
				徱
				忈
				忐
				忑
				忨
				忪
				忬
				忭
				忲
				忶
				忺
				怇
				怊
				怓
				怚
				怟
				怭
				恀
				恈
				恉
				恑
				恔
				恖
				恗
				恝
				恡
				恧
				恱
				恾
				悂
				悆
				悈
				悎
				悑
				悓
				悘
				悢
				悤
				悥
				悷
				悻
				惂
				惄
				惉
				惊
				惎
				惏
				惞
				惢
				惥
				惼
				惽
				愂
				愇
				愊
				愌
				愑
				愔
				愖
				愗
				愢
				愪
				愱
				愵
				愶
				愹
				慅
				慉
				慞
				慬
				慲
				慸
				慻
				慿
				憀
				憁
				憃
				憄
				憋
				憜
				憝
				憟
				憠
				憪
				憸
				懀
				懁
				懂
				懎
				懏
				懜
				懞
				懡
				懢
				懥
				懧
				懩
				懬
				懭
				懯
				戁
				戃
				戄
				戇
				戓
				戜
				戠
				戧
				戫
				戹
				戽
				扂
				扄
				扐
				扔
				扜
				扺
				扽
				抍
				抎
				抏
				抐
				抨
				抳
				抶
				抷
				抺
				抾
				抿
				拎
				拚
				拪
				拲
				拴
				挄
				挋
				挓
				挖
				挩
				挪
				挭
				挶
				捂
				捆
				捊
				捋
				捒
				捓
				捔
				捘
				捛
				捦
				捭
				捱
				捴
				捵
				捸
				捽
				捿
				掂
				掇
				掊
				掐
				掕
				掚
				掞
				掤
				掦
				掭
				掮
				掯
				揁
				揅
				揈
				揎
				揑
				揓
				揪
				揳
				揸
				揹
				搊
				搒
				搘
				搠
				搤
				搪
				搰
				搵
				搽
				搿
				摋
				摏
				摒
				摓
				摔
				摜
				摟
				摡
				摣
				摴
				摻
				撅
				撏
				撐
				撘
				撙
				撛
				撡
				撣
				撦
				撨
				撬
				撳
				撽
				擉
				擑
				擩
				擪
				擭
				擰
				擵
				攁
				攈
				攉
				攊
				攓
				攙
				攛
				攟
				攦
				攮
				攱
				攺
				攼
				攽
				敃
				敇
				敉
				敐
				敒
				敟
				敠
				敽
				斒
				斕
				斘
				斠
				斣
				斦
				斮
				斳
				斴
				旈
				旎
				旐
				旖
				旘
				旟
				旰
				旴
				旵
				旾
				旿
				昍
				昑
				昒
				昖
				昝
				昣
				昦
				昩
				昬
				昮
				昷
				昹
				晀
				晆
				晊
				晘
				晜
				晠
				晵
				晹
				晼
				晾
				晿
				暋
				暌
				暚
				暛
				暜
				暟
				暤
				曀
				曂
				曃
				曌
				曎
				曏
				曔
				曟
				曫
				曮
				朇
				朎
				朜
				朠
				朢
				朾
				杅
				杕
				杬
				杮
				构
				枎
				枏
				枑
				枖
				枙
				枱
				枵
				枼
				枽
				柂
				柅
				柉
				柜
				柡
				柦
				柲
				柶
				栔
				栙
				栧
				栨
				栯
				栰
				栿
				桊
				桘
				桯
				桰
				桱
				桹
				桻
				梄
				梆
				梈
				梡
				梩
				梮
				棑
				棓
				棜
				棝
				棪
				棫
				棵
				棶
				棽
				椆
				椉
				椐
				椑
				椓
				椖
				椗
				椱
				椳
				椸
				楅
				楎
				楛
				楥
				楦
				楰
				楱
				楻
				榍
				榡
				榨
				榫
				榯
				榸
				槅
				槈
				槗
				槥
				槱
				樀
				樁
				樃
				樠
				樤
				樨
				樷
				橊
				橑
				橕
				橧
				橪
				橱
				檁
				檆
				檇
				檛
				檯
				檰
				檱
				檴
				檾
				檿
				櫈
				櫉
				櫌
				櫕
				櫖
				櫰
				櫼
				欂
				欃
				欆
				欇
				欉
				欤
				欨
				欫
				欶
				欻
				欿
				歍
				歒
				歝
				歫
				歮
				歰
				歽
				歾
				殅
				殗
				殟
				殠
				殢
				殣
				殨
				殬
				殰
				殸
				殹
				毃
				毄
				毌
				毡
				毣
				毷
				毹
				氄
				氉
				氍
				氒
				氙
				氟
				氦
				氧
				氨
				氬
				氮
				氻
				汊
				汋
				汏
				汒
				汔
				汫
				汯
				汸
				汹
				汻
				沇
				沟
				沰
				沲
				沴
				泍
				泏
				泑
				泒
				泧
				泲
				泴
				洇
				洏
				洑
				洓
				洚
				洨
				浗
				浟
				浡
				浧
				浯
				浼
				涒
				涖
				涗
				涷
				涹
				涽
				淊
				淠
				淢
				淥
				淯
				淰
				淴
				渀
				渄
				渹
				渻
				湅
				湒
				湝
				湢
				湨
				湳
				湻
				湽
				溍
				溙
				溠
				溭
				溮
				溳
				溻
				滀
				滈
				滍
				滏
				滭
				滮
				滽
				漄
				漈
				漍
				漖
				漛
				漦
				漩
				漭
				漰
				漻
				潏
				潓
				潝
				潬
				澃
				澇
				澋
				澒
				澓
				澚
				澦
				澨
				澮
				澰
				濅
				濨
				濽
				瀍
				瀗
				瀠
				瀯
				瀴
				瀷
				灄
				灈
				灉
				灕
				炔
				炖
				炘
				炛
				炰
				炴
				烕
				烖
				烺
				焅
				焋
				焭
				焸
				煁
				煅
				煋
				煗
				煚
				煹
				熌
				熚
				熰
				熲
				熿
				燀
				燌
				燖
				燚
				燸
				爈
				爉
				爓
				爗
				爚
				爝
				爟
				爤
				爯
				牁
				牃
				牅
				牎
				牏
				牐
				牚
				牜
				牞
				牠
				牨
				牫
				牱
				牷
				牻
				牼
				犄
				犉
				犓
				犨
				犴
				狇
				狉
				狕
				狖
				狘
				狟
				狥
				狴
				狾
				猂
				猄
				猅
				猋
				猍
				猓
				猞
				猢
				猤
				猲
				猵
				猺
				猻
				獃
				獍
				獖
				獘
				獝
				獞
				獟
				獠
				獧
				獩
				獹
				玀
				玃
				玆
				玎
				玐
				玓
				玗
				玪
				玭
				玽
				珆
				珌
				珒
				珓
				珝
				珦
				珴
				珵
				珷
				珻
				珽
				珿
				琀
				琄
				琑
				琩
				琭
				瑑
				瑦
				瑧
				瑨
				瑮
				瑲
				璀
				璏
				璑
				璚
				璮
				璯
				璱
				璲
				瓌
				瓐
				瓓
				瓛
				瓟
				瓤
				瓨
				瓪
				瓴
				瓻
				瓼
				甆
				甒
				甖
				甡
				甧
				甩
				甶
				甹
				甿
				畃
				畇
				畗
				畞
				畟
				畡
				畻
				畼
				疅
				疐
				疓
				疕
				疙
				疜
				疤
				疴
				疺
				痁
				痄
				痌
				痗
				痜
				痡
				痯
				瘄
				瘊
				瘌
				瘒
				瘝
				瘣
				瘩
				瘲
				瘸
				瘹
				瘺
				癀
				癄
				癅
				癊
				癙
				癟
				癴
				皅
				皌
				皍
				皟
				皢
				皣
				皤
				皥
				皭
				皽
				盁
				盋
				盙
				盠
				盰
				盶
				盹
				眀
				眆
				眎
				眒
				眔
				眕
				眜
				眢
				眨
				眮
				眯
				眹
				眽
				眾
				睂
				睅
				睊
				睏
				睒
				睖
				睗
				睞
				睤
				睧
				睬
				睰
				睳
				睴
				瞄
				瞌
				瞍
				瞕
				瞖
				瞧
				瞮
				瞯
				瞱
				瞵
				瞾
				矃
				矉
				矑
				矒
				矕
				矙
				矱
				矸
				砎
				砑
				砝
				砢
				砣
				砮
				砰
				砵
				砷
				硄
				硈
				硌
				硒
				硜
				硞
				硠
				硡
				硣
				硺
				硾
				碏
				碘
				碡
				碨
				碬
				碱
				碲
				碳
				碽
				碿
				磇
				磉
				磒
				磓
				磖
				磛
				磟
				磪
				磳
				磶
				磿
				礆
				礌
				礚
				礞
				礟
				礠
				礧
				礩
				礭
				礵
				礽
				礿
				祄
				祋
				祏
				祑
				祔
				祩
				祫
				祻
				祼
				祾
				禋
				禌
				禑
				禓
				禜
				禨
				禫
				禯
				秄
				秏
				秚
				秝
				秠
				秢
				秥
				秪
				秱
				秸
				秼
				稂
				稇
				稉
				稌
				稡
				稧
				稫
				稯
				稰
				稴
				稵
				稺
				穄
				穅
				穈
				穕
				穥
				穾
				窀
				窆
				窋
				窑
				窔
				窞
				窵
				竆
				竉
				竛
				竩
				竬
				竱
				竻
				竾
				笔
				笟
				笣
				笩
				笫
				笰
				笴
				笿
				筀
				筪
				筷
				箄
				箉
				箎
				箖
				箠
				箥
				箬
				箰
				箲
				箶
				箺
				箻
				箽
				篂
				篈
				篛
				篨
				篲
				篴
				篵
				篸
				篹
				篺
				篼
				篾
				簂
				簄
				簆
				簉
				簌
				簙
				簛
				簥
				簨
				簬
				簴
				簹
				簺
				籆
				籒
				籓
				籕
				籚
				籛
				籜
				籝
				籣
				籧
				籲
				籼
				籽
				粆
				粇
				粞
				粰
				粺
				粻
				糇
				糉
				糏
				糓
				糔
				糚
				糩
				紏
				紑
				紖
				紦
				紪
				紭
				紼
				絍
				絑
				絗
				絝
				絥
				絧
				絸
				絻
				綁
				綂
				綅
				綍
				綑
				綖
				綞
				綳
				綹
				緃
				緄
				緅
				緆
				緍
				緎
				緢
				緥
				緪
				緫
				緭
				緵
				緶
				緺
				縀
				縜
				縭
				縯
				縳
				縶
				縿
				繄
				繎
				繐
				繘
				繟
				繢
				繥
				繮
				繯
				繸
				纁
				纕
				纝
				纞
				缽
				缿
				罓
				罛
				罜
				罝
				罥
				罦
				罱
				罿
				羀
				羋
				羍
				羏
				羡
				羢
				羦
				羪
				羴
				羼
				翀
				翈
				翨
				翽
				翾
				翿
				耇
				耍
				耏
				耓
				耝
				耞
				耟
				耠
				耮
				耴
				耹
				耺
				耾
				聀
				聄
				聠
				聤
				聭
				肁
				肈
				肎
				肞
				肦
				肫
				肹
				胈
				胍
				胏
				胒
				胔
				胭
				胮
				胰
				胲
				胶
				胹
				胺
				胾
				脃
				脋
				脗
				脜
				脠
				脰
				脺
				脼
				腅
				腇
				腌
				腒
				腗
				腡
				腯
				腷
				膆
				膋
				膎
				膐
				膖
				膛
				膞
				膢
				膮
				膴
				臅
				臋
				臎
				臕
				臝
				臞
				臡
				臫
				臰
				臱
				臲
				臵
				臶
				臸
				臹
				舀
				舃
				舏
				舓
				舔
				舚
				舝
				舨
				舺
				艃
				艄
				艎
				艑
				艖
				艧
				艭
				艻
				芀
				芁
				芄
				芇
				芉
				芑
				芔
				芖
				芘
				芚
				芛
				芠
				芪
				芰
				苐
				苚
				苠
				苤
				苪
				苭
				苯
				苶
				茊
				茋
				茞
				茟
				茡
				茬
				茮
				茳
				茷
				茽
				荂
				荍
				荎
				荓
				荖
				荰
				荸
				莀
				莂
				莄
				莙
				莜
				莦
				莬
				莭
				莾
				菨
				菶
				菸
				菼
				萙
				萯
				葅
				葇
				葍
				葖
				葘
				葠
				葤
				葧
				葪
				葴
				葽
				蒒
				蒓
				蒕
				蒨
				蒩
				蒪
				蒱
				蒽
				蓇
				蓈
				蓌
				蓲
				蓷
				蓻
				蔂
				蔃
				蔇
				蔎
				蔐
				蔜
				蔢
				蔧
				蔪
				蔳
				蔶
				蔿
				蕆
				蕐
				蕒
				蕖
				蕜
				蕝
				蕟
				蕠
				蕫
				蕹
				薅
				薉
				薋
				薘
				薠
				薥
				薧
				薴
				薶
				薸
				薽
				薾
				薿
				藂
				藚
				藠
				藨
				藳
				藼
				蘍
				蘎
				蘙
				蘛
				蘶
				蘺
				蘽
				虂
				虆
				虒
				虘
				虙
				虝
				虠
				虡
				虣
				虤
				虩
				虶
				蚈
				蚖
				蚚
				蚡
				蚦
				蚧
				蚭
				蚴
				蚵
				蚷
				蚹
				蚿
				蛀
				蛅
				蛒
				蛚
				蛜
				蛠
				蛥
				蛧
				蜄
				蜏
				蜔
				蜞
				蜨
				蜮
				蜯
				蜲
				蜹
				蜼
				蜽
				蝅
				蝍
				蝝
				蝡
				蝯
				蝻
				螃
				螄
				螅
				螆
				螌
				螐
				螕
				螗
				螘
				螙
				螞
				螣
				螮
				螱
				螿
				蟈
				蟉
				蟊
				蟕
				蟙
				蟚
				蟜
				蟢
				蟤
				蟱
				蟳
				蟸
				蟺
				蟿
				蠉
				蠒
				蠘
				蠙
				蠚
				蠛
				蠜
				蠞
				蠭
				蠰
				蠵
				蠺
				衁
				衃
				衅
				衈
				衉
				衋
				衎
				衑
				衕
				衖
				衚
				衜
				衠
				衱
				衹
				衻
				袀
				袚
				袛
				袜
				袟
				袨
				袺
				裋
				裌
				裍
				裞
				裧
				裯
				裷
				褆
				褍
				褎
				褏
				褕
				褖
				褠
				褦
				褨
				褱
				褵
				褺
				褾
				襆
				襏
				襒
				襗
				襚
				襛
				襜
				襡
				襣
				襫
				襮
				襰
				襳
				襵
				襺
				襻
				襼
				襽
				覍
				覕
				覛
				覜
				覠
				覥
				覴
				覵
				覶
				覼
				觕
				觗
				觩
				觭
				觹
				訄
				訅
				訇
				訏
				訞
				訠
				訤
				訦
				訫
				訬
				訯
				訽
				詀
				詃
				詉
				詓
				詖
				詗
				詜
				詥
				詧
				詶
				詷
				詺
				詻
				詾
				詿
				誀
				誃
				誆
				誋
				誏
				誒
				誖
				誗
				誙
				誟
				誩
				誯
				誳
				誶
				誻
				諃
				諆
				諈
				諉
				諊
				諑
				諓
				諔
				諕
				諝
				諬
				諰
				諵
				諿
				謆
				謋
				謑
				謞
				謰
				謷
				謼
				譂
				譄
				譅
				譈
				譍
				譒
				譓
				譣
				譭
				譸
				譹
				譼
				譾
				讄
				讅
				讍
				讏
				讟
				谸
				谾
				豋
				豑
				豓
				豘
				豙
				豛
				豝
				豣
				豤
				豦
				豵
				豶
				豻
				豾
				貆
				貇
				貋
				貐
				貜
				貹
				貺
				賅
				賆
				賉
				賋
				賏
				賝
				賨
				賬
				賯
				賲
				賵
				賷
				賿
				贁
				贃
				贗
				赥
				赩
				赮
				赿
				趂
				趈
				趍
				趐
				趑
				趞
				趟
				趠
				趫
				趬
				趲
				趵
				趷
				趹
				趻
				趼
				跀
				跅
				跇
				跊
				跔
				跕
				跤
				跥
				跧
				跰
				跱
				跲
				跴
				踁
				踄
				踅
				踋
				踑
				踦
				踱
				踳
				踷
				踸
				蹀
				蹁
				蹍
				蹎
				蹏
				蹛
				蹜
				蹝
				蹞
				蹡
				蹩
				蹱
				蹹
				蹺
				躂
				躃
				躉
				躐
				躒
				躕
				躚
				躛
				躝
				躢
				躧
				躩
				躭
				躺
				軁
				軃
				軄
				軇
				軏
				軜
				軨
				軭
				軮
				軰
				軱
				軷
				輂
				輇
				輏
				輐
				輖
				輘
				輠
				輡
				輣
				輥
				輧
				輨
				輬
				輮
				輴
				輵
				輷
				輺
				轁
				轃
				轇
				轏
				轑
				轒
				轓
				轕
				轝
				轞
				轥
				辝
				辠
				辡
				辥
				辸
				达
				迀
				迋
				运
				迒
				迣
				迶
				迾
				逄
				逘
				逛
				逨
				逩
				逪
				逬
				逯
				逳
				逴
				逿
				遌
				遛
				遢
				遦
				遧
				遬
				遰
				遴
				遹
				邋
				邎
				邘
				邠
				邥
				邲
				邴
				邽
				郌
				郒
				郕
				郘
				郙
				郥
				郰
				鄅
				鄈
				鄍
				鄐
				鄗
				鄚
				鄠
				鄥
				鄩
				鄮
				鄶
				鄼
				酃
				酏
				酓
				酚
				酧
				酭
				酺
				酻
				醁
				醆
				醊
				醑
				醓
				醔
				醕
				醘
				醡
				醦
				醭
				醰
				醲
				醻
				醽
				醿
				釂
				釅
				釓
				釔
				釙
				釞
				釩
				釪
				釯
				釰
				釷
				釹
				釽
				鈀
				鈄
				鈅
				鈆
				鈉
				鈌
				鈒
				鈓
				鈘
				鈜
				鈝
				鈣
				鈤
				鈥
				鈦
				鈨
				鈮
				鈯
				鈰
				鈵
				鈶
				鈾
				鉆
				鉍
				鉘
				鉜
				鉝
				鉩
				鉮
				鉯
				鉰
				鉵
				鉶
				鉷
				鉹
				鉻
				銊
				銎
				銒
				銠
				銤
				銥
				銨
				銯
				銶
				銸
				銺
				銻
				銼
				銽
				鋁
				鋃
				鋅
				鋇
				鋈
				鋍
				鋕
				鋘
				鋜
				鋝
				鋟
				鋡
				鋣
				鋨
				鋬
				鋮
				鋰
				錀
				錈
				錔
				錜
				錤
				錪
				錳
				錴
				錶
				錷
				鍐
				鍒
				鍕
				鍘
				鍞
				鍧
				鍩
				鍭
				鍯
				鍴
				鍶
				鍺
				鍽
				鍿
				鎀
				鎁
				鎂
				鎊
				鎍
				鎒
				鎕
				鎘
				鎤
				鎦
				鎨
				鎩
				鎫
				鎴
				鎵
				鎶
				鏄
				鏅
				鏉
				鏊
				鏋
				鏌
				鏍
				鏓
				鏙
				鏦
				鏷
				鏸
				鏹
				鏺
				鐁
				鐂
				鐈
				鐍
				鐎
				鐕
				鐟
				鐮
				鐯
				鐱
				鐽
				鐿
				鑃
				鑈
				鑌
				鑕
				鑙
				鑜
				鑟
				鑡
				鑨
				鑮
				钃
				钄
				镾
				閄
				閈
				閝
				閞
				閡
				閺
				閿
				闆
				闉
				闑
				闒
				闙
				闝
				闟
				闠
				闤
				闦
				阞
				阢
				阤
				阥
				阦
				阱
				阷
				阸
				阹
				阺
				阽
				陒
				陔
				陖
				陗
				陮
				陴
				陻
				陼
				陾
				陿
				隁
				隃
				隉
				隑
				隖
				隟
				隦
				隮
				雊
				雟
				雱
				雺
				霂
				霃
				霅
				霉
				霚
				霛
				霝
				霡
				霢
				霨
				霱
				靃
				靊
				靘
				靣
				靧
				靶
				靷
				靸
				靻
				靽
				靿
				鞀
				鞉
				鞗
				鞙
				鞟
				鞬
				鞵
				鞶
				鞸
				鞹
				鞼
				鞿
				韄
				韅
				韇
				韊
				韍
				韎
				韐
				韗
				韝
				韠
				韤
				韯
				韷
				韸
				韺
				頇
				頙
				頜
				頠
				頦
				頮
				頯
				頵
				頾
				顄
				顊
				顑
				顢
				顣
				顪
				颮
				颴
				飅
				飌
				飦
				飶
				餂
				餇
				餑
				餕
				餟
				餢
				餦
				餧
				餫
				餴
				餵
				餹
				饇
				饈
				饔
				饙
				饛
				饞
				馛
				馝
				馟
				馰
				馱
				馲
				馵
				馺
				駓
				駚
				駜
				駧
				駪
				駫
				駬
				駴
				駵
				駽
				駾
				騄
				騋
				騌
				騐
				騞
				騢
				騣
				騧
				騳
				騵
				驁
				驇
				驋
				驑
				驔
				驖
				驝
				骪
				骬
				骮
				骲
				骴
				骵
				骻
				骾
				骿
				髈
				髗
				髛
				髤
				髧
				髬
				髲
				髳
				髵
				髺
				髽
				髿
				鬀
				鬁
				鬄
				鬅
				鬉
				鬋
				鬍
				鬎
				鬙
				鬛
				鬦
				鬴
				鬵
				鬷
				鬹
				鬺
				魈
				魌
				魕
				魖
				魗
				魛
				魡
				魨
				魪
				魭
				魮
				魸
				魿
				鮀
				鮅
				鮆
				鮇
				鮉
				鮋
				鮍
				鮐
				鮔
				鮚
				鮝
				鮩
				鮰
				鮷
				鮻
				鮼
				鮿
				鯈
				鯐
				鯗
				鯟
				鯹
				鯿
				鰂
				鰋
				鰏
				鰑
				鰜
				鰞
				鰦
				鰨
				鰵
				鰽
				鱃
				鱄
				鱎
				鱖
				鱞
				鱨
				鱻
				鳷
				鳹
				鴜
				鴯
				鴰
				鴳
				鴴
				鴺
				鴼
				鴽
				鵅
				鵓
				鵔
				鵥
				鵪
				鵻
				鶃
				鶆
				鶎
				鶒
				鶓
				鶕
				鶗
				鶘
				鶪
				鶮
				鶱
				鷊
				鷔
				鷕
				鷞
				鷥
				鷩
				鷫
				鷮
				鷰
				鷳
				鷾
				鸎
				鸐
				鸑
				鸒
				鸖
				鹺
				麂
				麃
				麄
				麇
				麎
				麏
				麖
				麘
				麮
				麰
				麳
				黆
				黈
				黋
				黕
				黤
				黬
				黭
				黰
				黱
				黲
				黵
				黸
				鼉
				鼏
				鼑
				鼒
				鼔
				鼖
				鼚
				鼛
				鼟
				鼢
				鼦
				鼪
				鼫
				鼱
				鼲
				鼴
				鼼
				鼿
				齃
				齄
				齇
				齖
				齚
				齞
				齨
				齮
				齯
				齱
				齳
				齺
				齽
				龏
				龑
				龒
				龖
				龞
				龡
				龣
				龥
