第1水準漢字	第2水準漢字	第3水準漢字	第4水準漢字
一			
丁			
七			
万			
丈			
三			
上			
下			
不			
与			
丑			
且			
世			
丘			
丙			
丞			
両			
並			
中			
串			
丸			
丹			
主			
乃			
久			
之			
乍			
乎			
乏			
乗			
乙			
九			
乞			
也			
乱			
乳			
乾			
亀			
了			
予			
争			
事			
二			
云			
互			
五			
井			
亘			
亙			
些			
亜			
亡			
交			
亥			
亦			
亨			
享			
京			
亭			
亮			
人			
什			
仁			
仇			
今			
介			
仏			
仔			
仕			
他			
付			
仙			
代			
令			
以			
仮			
仰			
仲			
件			
任			
企			
伊			
伍			
伎			
伏			
伐			
休			
会			
伝			
伯			
伴			
伶			
伸			
伺			
似			
伽			
佃			
但			
位			
低			
住			
佐			
佑			
体			
何			
余			
作			
佳			
併			
佼			
使			
侃			
例			
侍			
供			
依			
侠			
価			
侭			
侮			
侯			
侵			
侶			
便			
係			
促			
俄			
俊			
俗			
保			
信			
俣			
修			
俳			
俵			
俸			
俺			
倉			
個			
倍			
倒			
倖			
候			
借			
倣			
値			
倦			
倫			
倭			
倶			
倹			
偉			
偏			
停			
健			
偲			
側			
偵			
偶			
偽			
傍			
傑			
傘			
備			
催			
傭			
債			
傷			
傾			
僅			
働			
像			
僑			
僕			
僚			
僧			
僻			
儀			
億			
儒			
償			
優			
儲			
允			
元			
兄			
充			
兆			
兇			
先			
光			
克			
免			
兎			
児			
党			
兜			
入			
全			
八			
公			
六			
共			
兵			
其			
具			
典			
兼			
内			
円			
冊			
再			
冒			
冗			
写			
冠			
冥			
冨			
冬			
冴			
冶			
冷			
凄			
准			
凋			
凌			
凍			
凝			
凡			
処			
凧			
凪			
凱			
凶			
凸			
凹			
出			
函			
刀			
刃			
分			
切			
刈			
刊			
刑			
列			
初			
判			
別			
利			
到			
制			
刷			
券			
刺			
刻			
剃			
則			
削			
前			
剖			
剛			
剣			
剤			
剥			
副			
剰			
割			
創			
劃			
劇			
劉			
力			
功			
加			
劣			
助			
努			
劫			
励			
労			
効			
劾			
勃			
勅			
勇			
勉			
動			
勘			
務			
勝			
募			
勢			
勤			
勧			
勲			
勺			
勾			
勿			
匁			
匂			
包			
化			
北			
匙			
匝			
匠			
匡			
匪			
匹			
区			
医			
匿			
十			
千			
升			
午			
半			
卑			
卒			
卓			
協			
南			
単			
博			
卜			
占			
卦			
卯			
印			
危			
即			
却			
卵			
卸			
卿			
厄			
厘			
厚			
原			
厨			
厩			
厭			
厳			
去			
参			
又			
叉			
及			
友			
双			
反			
収			
叔			
取			
受			
叙			
叛			
叡			
叢			
口			
古			
句			
叩			
只			
叫			
召			
可			
台			
叱			
史			
右			
叶			
号			
司			
吃			
各			
合			
吉			
吊			
吋			
同			
名			
后			
吏			
吐			
向			
君			
吟			
吠			
否			
含			
吸			
吹			
吻			
吾			
呂			
呆			
呈			
呉			
告			
呑			
周			
呪			
味			
呼			
命			
咋			
和			
咲			
咳			
咽			
哀			
品			
哉			
員			
哨			
哩			
哲			
唄			
唆			
唇			
唐			
唖			
唯			
唱			
唾			
啄			
商			
問			
啓			
善			
喉			
喋			
喚			
喜			
喝			
喧			
喪			
喫			
喬			
喰			
営			
嗣			
嘆			
嘉			
嘗			
嘘			
嘩			
嘱			
噂			
噌			
噛			
器			
噴			
噸			
噺			
嚇			
嚢			
囚			
四			
回			
因			
団			
困			
囲			
図			
固			
国			
圃			
圏			
園			
土			
圧			
在			
圭			
地			
坂			
均			
坊			
坐			
坑			
坤			
坦			
坪			
垂			
型			
垢			
垣			
埋			
城			
埜			
域			
埠			
埴			
執			
培			
基			
埼			
堀			
堂			
堅			
堆			
堕			
堤			
堪			
堰			
報			
場			
堵			
堺			
塀			
塁			
塊			
塑			
塔			
塗			
塘			
塙			
塚			
塞			
塩			
填			
塵			
塾			
境			
墓			
増			
墜			
墨			
墳			
墾			
壁			
壇			
壊			
壌			
壕			
士			
壬			
壮			
声			
壱			
売			
壷			
変			
夏			
夕			
外			
夙			
多			
夜			
夢			
大			
天			
太			
夫			
央			
失			
夷			
奄			
奇			
奈			
奉			
奏			
契			
奔			
套			
奥			
奨			
奪			
奮			
女			
奴			
好			
如			
妃			
妄			
妊			
妓			
妖			
妙			
妥			
妨			
妬			
妹			
妻			
妾			
姉			
始			
姐			
姑			
姓			
委			
姥			
姦			
姪			
姫			
姶			
姻			
姿			
威			
娃			
娘			
娠			
娩			
娯			
娼			
婁			
婆			
婚			
婦			
婿			
媒			
媛			
嫁			
嫉			
嫌			
嫡			
嬉			
嬢			
嬬			
嬰			
子			
孔			
字			
存			
孜			
孝			
孟			
季			
孤			
学			
孫			
宅			
宇			
守			
安			
宋			
完			
宍			
宏			
宕			
宗			
官			
宙			
定			
宛			
宜			
宝			
実			
客			
宣			
室			
宥			
宮			
宰			
害			
宴			
宵			
家			
容			
宿			
寂			
寄			
寅			
密			
富			
寒			
寓			
寛			
寝			
察			
寡			
寧			
審			
寮			
寵			
寸			
寺			
対			
寿			
封			
専			
射			
将			
尉			
尊			
尋			
導			
小			
少			
尖			
尚			
尤			
尭			
就			
尺			
尻			
尼			
尽			
尾			
尿			
局			
居			
屈			
届			
屋			
屍			
屑			
展			
属			
屠			
屡			
層			
履			
屯			
山			
岐			
岡			
岨			
岩			
岬			
岱			
岳			
岸			
峠			
峡			
峨			
峯			
峰			
島			
峻			
崇			
崎			
崖			
崩			
嵐			
嵩			
嵯			
嶋			
嶺			
巌			
川			
州			
巡			
巣			
工			
左			
巧			
巨			
差			
己			
巳			
巴			
巷			
巻			
巽			
巾			
市			
布			
帆			
希			
帖			
帝			
帥			
師			
席			
帯			
帰			
帳			
常			
帽			
幅			
幌			
幕			
幡			
幣			
干			
平			
年			
幸			
幹			
幻			
幼			
幽			
幾			
庁			
広			
庄			
庇			
床			
序			
底			
庖			
店			
庚			
府			
度			
座			
庫			
庭			
庵			
庶			
康			
庸			
廃			
廉			
廊			
廓			
廟			
廠			
延			
廷			
建			
廻			
廼			
廿			
弁			
弄			
弊			
式			
弐			
弓			
弔			
引			
弗			
弘			
弛			
弟			
弥			
弦			
弧			
弱			
張			
強			
弼			
弾			
彊			
当			
形			
彦			
彩			
彪			
彫			
彬			
彰			
影			
役			
彼			
往			
征			
径			
待			
律			
後			
徐			
徒			
従			
得			
御			
復			
循			
微			
徳			
徴			
徹			
徽			
心			
必			
忌			
忍			
志			
忘			
忙			
応			
忠			
快			
念			
忽			
怒			
怖			
怜			
思			
怠			
急			
性			
怨			
怪			
怯			
恋			
恐			
恒			
恕			
恢			
恥			
恨			
恩			
恭			
息			
恰			
恵			
悉			
悌			
悔			
悟			
悠			
患			
悦			
悩			
悪			
悲			
悶			
悼			
情			
惇			
惑			
惚			
惜			
惟			
惣			
惨			
惰			
想			
惹			
愁			
愈			
愉			
意			
愚			
愛			
感			
慈			
態			
慌			
慎			
慕			
慢			
慣			
慧			
慨			
慮			
慰			
慶			
慾			
憂			
憎			
憐			
憤			
憧			
憩			
憲			
憶			
憾			
懇			
懐			
懲			
懸			
戊			
戎			
成			
我			
戒			
或			
戚			
戟			
戦			
戯			
戴			
戸			
戻			
房			
所			
扇			
扉			
手			
才			
打			
払			
托			
扮			
扱			
扶			
批			
承			
技			
抄			
把			
抑			
投			
抗			
折			
抜			
択			
披			
抱			
抵			
抹			
押			
抽			
担			
拍			
拐			
拒			
拓			
拘			
拙			
招			
拝			
拠			
拡			
括			
拭			
拳			
拶			
拷			
拾			
持			
指			
按			
挑			
挙			
挟			
挨			
挫			
振			
挺			
挽			
挿			
捉			
捌			
捕			
捗			
捜			
捧			
捨			
据			
捲			
捷			
捺			
捻			
掃			
授			
掌			
排			
掘			
掛			
掠			
採			
探			
接			
控			
推			
掩			
措			
掬			
掲			
掴			
掻			
揃			
描			
提			
揖			
揚			
換			
握			
揮			
援			
揺			
損			
搬			
搭			
携			
搾			
摂			
摘			
摩			
摸			
摺			
撃			
撒			
撚			
撞			
撤			
撫			
播			
撮			
撰			
撲			
撹			
擁			
操			
擢			
擦			
擬			
擾			
支			
改			
攻			
放			
政			
故			
敏			
救			
敗			
教			
敢			
散			
敦			
敬			
数			
整			
敵			
敷			
文			
斉			
斌			
斎			
斐			
斑			
斗			
料			
斜			
斡			
斤			
斥			
斧			
斬			
断			
斯			
新			
方			
於			
施			
旅			
旋			
族			
旗			
既			
日			
旦			
旧			
旨			
早			
旬			
旭			
旺			
昂			
昆			
昇			
昌			
明			
昏			
易			
昔			
星			
映			
春			
昧			
昨			
昭			
是			
昼			
時			
晃			
晋			
晒			
晦			
晩			
普			
景			
晴			
晶			
智			
暁			
暇			
暑			
暖			
暗			
暢			
暦			
暫			
暮			
暴			
曇			
曙			
曜			
曝			
曲			
曳			
更			
書			
曹			
曽			
曾			
替			
最			
月			
有			
朋			
服			
朔			
朕			
朗			
望			
朝			
期			
木			
未			
末			
本			
札			
朱			
朴			
机			
朽			
杉			
李			
杏			
材			
村			
杓			
杖			
杜			
束			
条			
杢			
来			
杭			
杯			
東			
杵			
杷			
松			
板			
枇			
析			
枕			
林			
枚			
果			
枝			
枠			
枢			
枯			
架			
柁			
柄			
柊			
柏			
某			
柑			
染			
柔			
柘			
柚			
柱			
柳			
柴			
柵			
査			
柾			
柿			
栂			
栃			
栄			
栓			
栖			
栗			
校			
栢			
株			
栴			
核			
根			
格			
栽			
桁			
桂			
桃			
案			
桐			
桑			
桓			
桔			
桜			
桝			
桟			
桧			
桶			
梁			
梅			
梓			
梗			
梢			
梧			
梨			
梯			
械			
梱			
梶			
梼			
棄			
棉			
棋			
棒			
棚			
棟			
森			
棲			
棺			
椀			
椅			
椋			
植			
椎			
椙			
椛			
検			
椴			
椿			
楊			
楓			
楕			
楚			
楠			
楢			
業			
楯			
楳			
極			
楼			
楽			
概			
榊			
榎			
榔			
榛			
構			
槌			
槍			
様			
槙			
槻			
槽			
樋			
樗			
標			
樟			
模			
権			
横			
樫			
樵			
樹			
樺			
樽			
橋			
橘			
機			
橡			
橿			
檀			
檎			
櫓			
櫛			
櫨			
欄			
欝			
欠			
次			
欣			
欧			
欲			
欺			
欽			
款			
歌			
歎			
歓			
止			
正			
此			
武			
歩			
歪			
歯			
歳			
歴			
死			
殆			
殉			
殊			
残			
殖			
殴			
段			
殺			
殻			
殿			
毅			
母			
毎			
毒			
比			
毘			
毛			
氏			
民			
気			
水			
氷			
永			
氾			
汀			
汁			
求			
汎			
汐			
汗			
汚			
汝			
江			
池			
汰			
汲			
決			
汽			
沃			
沈			
沌			
沓			
沖			
沙			
没			
沢			
沫			
河			
沸			
油			
治			
沼			
沿			
況			
泉			
泊			
泌			
法			
泡			
波			
泣			
泥			
注			
泰			
泳			
洋			
洗			
洛			
洞			
津			
洩			
洪			
洲			
活			
派			
流			
浄			
浅			
浜			
浦			
浩			
浪			
浬			
浮			
浴			
海			
浸			
消			
涌			
涙			
涛			
涜			
涯			
液			
涼			
淀			
淋			
淑			
淘			
淡			
淫			
深			
淳			
淵			
混			
添			
清			
渇			
済			
渉			
渋			
渓			
渚			
減			
渠			
渡			
渥			
渦			
温			
測			
港			
湊			
湖			
湘			
湛			
湧			
湯			
湾			
湿			
満			
溌			
源			
準			
溜			
溝			
溢			
溶			
溺			
滅			
滋			
滑			
滝			
滞			
滴			
漁			
漂			
漆			
漉			
漏			
演			
漕			
漠			
漢			
漣			
漫			
漬			
漸			
潅			
潔			
潜			
潟			
潤			
潮			
潰			
澄			
澗			
澱			
激			
濁			
濃			
濠			
濡			
濫			
濯			
瀕			
瀞			
瀦			
瀧			
瀬			
灘			
火			
灯			
灰			
灸			
灼			
災			
炉			
炊			
炎			
炭			
点			
為			
烈			
烏			
烹			
焔			
焚			
無			
焦			
然			
焼			
煉			
煎			
煙			
煤			
照			
煩			
煮			
煽			
熊			
熔			
熟			
熱			
燃			
燈			
燐			
燕			
燥			
燦			
燭			
爆			
爪			
爵			
父			
爺			
爽			
爾			
片			
版			
牌			
牒			
牙			
牛			
牝			
牟			
牡			
牢			
牧			
物			
牲			
特			
牽			
犀			
犠			
犬			
犯			
状			
狂			
狐			
狗			
狙			
狛			
狩			
独			
狭			
狸			
狼			
狽			
猛			
猟			
猪			
猫			
献			
猶			
猷			
猿			
獄			
獅			
獣			
獲			
玄			
率			
玉			
王			
玖			
玩			
玲			
珂			
珊			
珍			
珠			
珪			
班			
現			
球			
理			
琉			
琢			
琳			
琴			
琵			
琶			
瑚			
瑛			
瑞			
瑠			
瑳			
璃			
環			
璽			
瓜			
瓢			
瓦			
瓶			
甑			
甘			
甚			
甜			
生			
産			
甥			
用			
甫			
田			
由			
甲			
申			
男			
町			
画			
界			
畏			
畑			
畔			
留			
畜			
畝			
畠			
畢			
略			
畦			
番			
異			
畳			
畷			
畿			
疋			
疎			
疏			
疑			
疫			
疲			
疹			
疾			
病			
症			
痔			
痕			
痘			
痛			
痢			
痩			
痴			
療			
癌			
癒			
癖			
発			
登			
白			
百			
的			
皆			
皇			
皐			
皮			
皿			
盃			
盆			
盈			
益			
盗			
盛			
盟			
監			
盤			
目			
盲			
直			
相			
盾			
省			
眉			
看			
県			
真			
眠			
眺			
眼			
着			
睡			
督			
睦			
瞥			
瞬			
瞭			
瞳			
矛			
矢			
知			
矧			
矩			
短			
矯			
石			
砂			
研			
砕			
砥			
砦			
砧			
砲			
破			
砺			
砿			
硝			
硫			
硬			
硯			
硲			
碁			
碇			
碍			
碑			
碓			
碕			
碗			
碧			
碩			
確			
磁			
磐			
磨			
磯			
礁			
礎			
示			
礼			
社			
祁			
祇			
祈			
祉			
祐			
祖			
祝			
神			
祢			
祥			
票			
祭			
祷			
禁			
禄			
禅			
禍			
禎			
福			
禦			
禰			
禽			
禾			
禿			
秀			
私			
秋			
科			
秒			
秘			
租			
秤			
秦			
秩			
称			
移			
稀			
程			
税			
稔			
稗			
稚			
稜			
種			
稲			
稼			
稽			
稿			
穀			
穂			
穆			
積			
穎			
穏			
穐			
穣			
穫			
穴			
究			
空			
穿			
突			
窃			
窄			
窒			
窓			
窟			
窪			
窮			
窯			
窺			
竃			
立			
竜			
章			
竣			
童			
竪			
端			
競			
竹			
竺			
竿			
笈			
笑			
笛			
笠			
笥			
符			
第			
笹			
筆			
筈			
等			
筋			
筏			
筑			
筒			
答			
策			
箆			
箇			
箔			
箕			
算			
管			
箪			
箭			
箱			
箸			
節			
範			
篇			
築			
篠			
篤			
篭			
簡			
簸			
簾			
簿			
籍			
米			
籾			
粁			
粂			
粉			
粋			
粍			
粒			
粕			
粗			
粘			
粛			
粟			
粥			
粧			
精			
糊			
糎			
糖			
糞			
糟			
糠			
糧			
糸			
系			
糾			
紀			
約			
紅			
紋			
納			
紐			
純			
紗			
紘			
紙			
級			
紛			
素			
紡			
索			
紫			
紬			
累			
細			
紳			
紹			
紺			
終			
絃			
組			
経			
結			
絞			
絡			
絢			
給			
統			
絵			
絶			
絹			
継			
続			
綜			
綬			
維			
綱			
網			
綴			
綻			
綾			
綿			
緊			
緋			
総			
緑			
緒			
線			
締			
編			
緩			
緬			
緯			
練			
縁			
縄			
縛			
縞			
縦			
縫			
縮			
績			
繁			
繊			
繋			
繍			
織			
繕			
繭			
繰			
纂			
纏			
缶			
罪			
罫			
置			
罰			
署			
罵			
罷			
羅			
羊			
美			
群			
羨			
義			
羽			
翁			
翌			
習			
翠			
翫			
翰			
翻			
翼			
耀			
老			
考			
者			
而			
耐			
耕			
耗			
耳			
耶			
耽			
聖			
聞			
聡			
聯			
聴			
職			
聾			
肇			
肉			
肋			
肌			
肖			
肘			
肝			
股			
肢			
肥			
肩			
肪			
肯			
肱			
育			
肴			
肺			
胃			
胆			
背			
胎			
胞			
胡			
胤			
胴			
胸			
能			
脂			
脅			
脆			
脇			
脈			
脊			
脚			
脱			
脳			
脹			
腎			
腐			
腔			
腕			
腫			
腰			
腸			
腹			
腺			
腿			
膏			
膚			
膜			
膝			
膨			
膳			
膿			
臆			
臓			
臣			
臥			
臨			
自			
臭			
至			
致			
臼			
興			
舌			
舎			
舗			
舘			
舛			
舜			
舞			
舟			
航			
般			
舵			
舶			
舷			
船			
艇			
艦			
艮			
良			
色			
艶			
芋			
芙			
芝			
芥			
芦			
芭			
芯			
花			
芳			
芸			
芹			
芽			
苅			
苑			
苓			
苔			
苗			
苛			
若			
苦			
苧			
苫			
英			
茂			
茄			
茅			
茎			
茜			
茨			
茶			
茸			
草			
荊			
荏			
荒			
荘			
荷			
荻			
莞			
莫			
莱			
菅			
菊			
菌			
菓			
菖			
菜			
菟			
菩			
華			
菰			
菱			
萄			
萌			
萎			
萩			
萱			
落			
葉			
葎			
著			
葛			
葡			
董			
葦			
葬			
葱			
葵			
葺			
蒋			
蒐			
蒔			
蒙			
蒜			
蒲			
蒸			
蒼			
蓄			
蓉			
蓋			
蓑			
蓬			
蓮			
蔀			
蔑			
蔓			
蔚			
蔦			
蔭			
蔵			
蔽			
蕃			
蕉			
蕊			
蕎			
蕗			
蕨			
蕩			
蕪			
薄			
薗			
薙			
薦			
薩			
薪			
薫			
薬			
薮			
薯			
藁			
藍			
藤			
藩			
藷			
藻			
蘇			
蘭			
虎			
虐			
虚			
虜			
虞			
虫			
虹			
虻			
蚊			
蚕			
蚤			
蛇			
蛋			
蛍			
蛎			
蛙			
蛤			
蛭			
蛮			
蛸			
蛾			
蜂			
蜘			
蜜			
蝉			
蝋			
蝕			
蝦			
蝶			
蝿			
融			
螺			
蟹			
蟻			
血			
衆			
行			
術			
街			
衛			
衝			
衡			
衣			
表			
衰			
衷			
衿			
袈			
袋			
袖			
被			
袴			
袷			
裁			
裂			
装			
裏			
裕			
補			
裟			
裡			
裳			
裸			
製			
裾			
複			
褐			
褒			
襖			
襟			
襲			
西			
要			
覆			
覇			
見			
規			
視			
覗			
覚			
覧			
親			
観			
角			
解			
触			
言			
訂			
計			
訊			
討			
訓			
託			
記			
訟			
訣			
訪			
設			
許			
訳			
訴			
診			
註			
証			
詐			
詑			
詔			
評			
詞			
詠			
詣			
試			
詩			
詫			
詮			
詰			
話			
該			
詳			
誇			
誉			
誌			
認			
誓			
誕			
誘			
語			
誠			
誤			
説			
読			
誰			
課			
誹			
誼			
調			
談			
請			
諌			
諏			
諒			
論			
諜			
諦			
諭			
諮			
諸			
諺			
諾			
謀			
謁			
謂			
謄			
謎			
謙			
講			
謝			
謡			
謬			
謹			
識			
譜			
警			
議			
譲			
護			
讃			
讐			
谷			
豆			
豊			
豚			
象			
豪			
豹			
貌			
貝			
貞			
負			
財			
貢			
貧			
貨			
販			
貫			
責			
貯			
貰			
貴			
買			
貸			
費			
貼			
貿			
賀			
賂			
賃			
賄			
資			
賊			
賎			
賑			
賓			
賛			
賜			
賞			
賠			
賢			
賦			
質			
賭			
購			
贈			
贋			
赤			
赦			
赫			
走			
赴			
起			
超			
越			
趣			
趨			
足			
距			
跡			
跨			
路			
跳			
践			
踊			
踏			
蹄			
蹟			
蹴			
躍			
身			
躯			
車			
軌			
軍			
軒			
軟			
転			
軸			
軽			
較			
載			
輔			
輝			
輩			
輪			
輯			
輸			
輿			
轄			
轍			
轟			
轡			
辛			
辞			
辰			
辱			
農			
辺			
辻			
込			
辿			
迂			
迄			
迅			
迎			
近			
返			
迦			
迩			
迫			
迭			
述			
迷			
追			
退			
送			
逃			
逆			
透			
逐			
逓			
途			
逗			
這			
通			
逝			
速			
造			
逢			
連			
逮			
週			
進			
逸			
逼			
遁			
遂			
遅			
遇			
遊			
運			
遍			
過			
道			
達			
違			
遜			
遠			
遡			
遣			
遥			
適			
遭			
遮			
遵			
遷			
選			
遺			
遼			
避			
還			
邑			
那			
邦			
邪			
邸			
郁			
郊			
郎			
郡			
部			
郭			
郵			
郷			
都			
鄭			
酉			
酋			
酌			
配			
酎			
酒			
酔			
酢			
酪			
酬			
酵			
酷			
酸			
醇			
醍			
醐			
醒			
醗			
醜			
醤			
醸			
釆			
采			
釈			
里			
重			
野			
量			
金			
釘			
釜			
針			
釣			
釦			
釧			
鈍			
鈎			
鈴			
鈷			
鉄			
鉛			
鉢			
鉦			
鉱			
鉾			
銀			
銃			
銅			
銑			
銘			
銚			
銭			
鋒			
鋤			
鋪			
鋭			
鋲			
鋳			
鋸			
鋼			
錆			
錐			
錘			
錠			
錦			
錨			
錫			
錬			
錯			
録			
鍋			
鍍			
鍔			
鍛			
鍬			
鍵			
鍾			
鎌			
鎖			
鎗			
鎚			
鎧			
鎮			
鏑			
鏡			
鐘			
鐙			
鐸			
鑑			
鑓			
長			
門			
閃			
閉			
開			
閏			
閑			
間			
関			
閣			
閤			
閥			
閲			
闇			
闘			
阜			
阪			
防			
阻			
阿			
陀			
附			
降			
限			
陛			
院			
陣			
除			
陥			
陪			
陰			
陳			
陵			
陶			
陸			
険			
陽			
隅			
隆			
隈			
隊			
階			
随			
隔			
隙			
際			
障			
隠			
隣			
隷			
隻			
隼			
雀			
雁			
雄			
雅			
集			
雇			
雌			
雑			
雛			
離			
難			
雨			
雪			
雫			
雰			
雲			
零			
雷			
電			
需			
震			
霊			
霜			
霞			
霧			
露			
青			
靖			
静			
非			
面			
革			
靭			
靴			
鞄			
鞍			
鞘			
鞠			
鞭			
韓			
韮			
音			
韻			
響			
頁			
頂			
頃			
項			
順			
須			
預			
頑			
頒			
頓			
頗			
領			
頚			
頬			
頭			
頴			
頻			
頼			
題			
額			
顎			
顔			
顕			
願			
顛			
類			
顧			
風			
飛			
食			
飢			
飯			
飲			
飴			
飼			
飽			
飾			
餅			
養			
餌			
餐			
餓			
館			
饗			
首			
香			
馨			
馬			
馳			
馴			
駁			
駄			
駅			
駆			
駈			
駐			
駒			
駕			
駿			
騎			
騒			
験			
騨			
騰			
驚			
骨			
骸			
髄			
高			
髪			
髭			
鬼			
魁			
魂			
魅			
魔			
魚			
魯			
鮎			
鮒			
鮪			
鮫			
鮭			
鮮			
鯉			
鯖			
鯛			
鯨			
鯵			
鰍			
鰐			
鰭			
鰯			
鰹			
鰻			
鱈			
鱒			
鱗			
鳥			
鳩			
鳳			
鳴			
鳶			
鴇			
鴎			
鴛			
鴨			
鴫			
鴬			
鴻			
鵜			
鵠			
鵡			
鵬			
鶏			
鶴			
鷲			
鷹			
鷺			
鹸			
鹿			
麓			
麗			
麟			
麦			
麹			
麺			
麻			
麿			
黄			
黍			
黒			
黙			
黛			
鼎			
鼓			
鼠			
鼻			
齢			
龍			
	丐		
	丕		
	丗		
	个		
	丱		
	丶		
	丼		
	丿		
	乂		
	乕		
	乖		
	乘		
	乢		
	亂		
	亅		
	亊		
	于		
	亞		
	亟		
	亠		
	亢		
	亰		
	亳		
	亶		
	仂		
	仄		
	仆		
	仍		
	从		
	仗		
	仞		
	仟		
	仭		
	价		
	伉		
	伜		
	估		
	佇		
	佗		
	佚		
	佛		
	佝		
	佞		
	佩		
	佯		
	佰		
	佶		
	佻		
	來		
	侈		
	侏		
	侑		
	侖		
	侘		
	侫		
	俎		
	俐		
	俑		
	俔		
	俘		
	俚		
	俛		
	俟		
	俤		
	俥		
	俯		
	俶		
	俾		
	倅		
	倆		
	倏		
	們		
	倔		
	倚		
	倡		
	倥		
	倨		
	倩		
	倪		
	倬		
	偃		
	假		
	偈		
	偐		
	偕		
	偖		
	做		
	偬		
	偸		
	傀		
	傅		
	傚		
	傲		
	傳		
	傴		
	僂		
	僉		
	僊		
	僖		
	僞		
	僣		
	僥		
	僭		
	僮		
	僵		
	價		
	儁		
	儂		
	儉		
	儔		
	儕		
	儖		
	儘		
	儚		
	儡		
	儷		
	儺		
	儻		
	儼		
	儿		
	兀		
	兌		
	兒		
	兔		
	兢		
	兩		
	兪		
	兮		
	冀		
	冂		
	冉		
	册		
	冏		
	冐		
	冑		
	冓		
	冕		
	冖		
	冢		
	冤		
	冦		
	冩		
	冪		
	冫		
	冰		
	冱		
	冲		
	决		
	况		
	冽		
	凅		
	凉		
	凖		
	凛		
	凜		
	几		
	凩		
	凭		
	凰		
	凵		
	凾		
	刄		
	刋		
	刎		
	刔		
	刧		
	刪		
	刮		
	刳		
	刹		
	剄		
	剋		
	剌		
	剏		
	剔		
	剞		
	剩		
	剪		
	剱		
	剳		
	剴		
	剽		
	剿		
	劈		
	劍		
	劑		
	劒		
	劔		
	劬		
	劭		
	劵		
	劼		
	勁		
	勍		
	勒		
	勗		
	勞		
	勠		
	勣		
	勦		
	勳		
	勵		
	勸		
	勹		
	匆		
	匈		
	匍		
	匏		
	匐		
	匕		
	匚		
	匣		
	匯		
	匱		
	匳		
	匸		
	區		
	卅		
	卆		
	卉		
	卍		
	卞		
	卩		
	卮		
	卷		
	卻		
	厂		
	厖		
	厠		
	厥		
	厦		
	厮		
	厰		
	厶		
	參		
	叟		
	叨		
	叭		
	叮		
	叺		
	吁		
	吝		
	吩		
	听		
	吭		
	吮		
	吶		
	吼		
	吽		
	呀		
	呎		
	呟		
	呰		
	呱		
	呵		
	呶		
	呷		
	呻		
	咀		
	咄		
	咆		
	咎		
	咏		
	咐		
	咒		
	咢		
	咤		
	咥		
	咨		
	咫		
	咬		
	咯		
	咸		
	咼		
	咾		
	哂		
	哄		
	哇		
	哈		
	哘		
	哢		
	哥		
	哦		
	哭		
	哮		
	哺		
	哽		
	唏		
	唔		
	售		
	唳		
	唸		
	唹		
	啀		
	啅		
	啌		
	啖		
	啗		
	啜		
	啝		
	啣		
	啻		
	啼		
	啾		
	喀		
	喃		
	喇		
	喊		
	喘		
	喙		
	喞		
	喟		
	喨		
	喩		
	單		
	嗄		
	嗅		
	嗇		
	嗔		
	嗚		
	嗜		
	嗟		
	嗤		
	嗷		
	嗹		
	嗽		
	嗾		
	嘔		
	嘖		
	嘛		
	嘯		
	嘲		
	嘴		
	嘶		
	嘸		
	噎		
	噐		
	噤		
	噪		
	噫		
	噬		
	嚀		
	嚆		
	嚊		
	嚏		
	嚔		
	嚠		
	嚥		
	嚮		
	嚴		
	嚶		
	嚼		
	囀		
	囁		
	囂		
	囃		
	囈		
	囎		
	囑		
	囓		
	囗		
	囘		
	囮		
	囹		
	囿		
	圀		
	圄		
	圈		
	圉		
	國		
	圍		
	圓		
	圖		
	團		
	圜		
	圦		
	圷		
	圸		
	圻		
	址		
	坎		
	坏		
	坡		
	坩		
	坿		
	垈		
	垉		
	垓		
	垠		
	垤		
	垪		
	垰		
	垳		
	埀		
	埃		
	埆		
	埒		
	埓		
	埔		
	埖		
	埣		
	堊		
	堋		
	堙		
	堝		
	堡		
	堯		
	堽		
	塋		
	塒		
	塢		
	塰		
	塲		
	塹		
	墅		
	墟		
	墫		
	墮		
	墸		
	墹		
	墺		
	墻		
	壅		
	壑		
	壓		
	壗		
	壘		
	壙		
	壜		
	壞		
	壟		
	壤		
	壥		
	壯		
	壹		
	壺		
	壻		
	壼		
	壽		
	夂		
	夊		
	夐		
	夘		
	夛		
	夥		
	夬		
	夭		
	夲		
	夸		
	夾		
	奎		
	奐		
	奕		
	奘		
	奚		
	奠		
	奢		
	奧		
	奩		
	奬		
	奸		
	妁		
	妍		
	妛		
	妝		
	妣		
	妲		
	姆		
	姙		
	姚		
	姜		
	姨		
	娉		
	娑		
	娚		
	娜		
	娟		
	娥		
	娵		
	娶		
	婀		
	婉		
	婢		
	婪		
	婬		
	媚		
	媼		
	媽		
	媾		
	嫂		
	嫋		
	嫐		
	嫖		
	嫗		
	嫣		
	嫦		
	嫩		
	嫺		
	嫻		
	嬋		
	嬌		
	嬖		
	嬪		
	嬲		
	嬶		
	嬾		
	孀		
	孃		
	孅		
	孑		
	孕		
	孚		
	孛		
	孥		
	孩		
	孰		
	孱		
	孳		
	孵		
	學		
	孺		
	宀		
	它		
	宦		
	宸		
	寃		
	寇		
	寉		
	寐		
	寔		
	寞		
	寢		
	寤		
	寥		
	實		
	寨		
	寫		
	寰		
	寳		
	寶		
	尅		
	將		
	專		
	對		
	尓		
	尠		
	尢		
	尨		
	尸		
	尹		
	屁		
	屆		
	屎		
	屏		
	屐		
	屓		
	屬		
	屮		
	屶		
	屹		
	岌		
	岑		
	岔		
	岫		
	岶		
	岷		
	岻		
	岼		
	岾		
	峅		
	峇		
	峙		
	峩		
	峪		
	峭		
	峺		
	峽		
	崋		
	崑		
	崔		
	崕		
	崗		
	崘		
	崙		
	崚		
	崛		
	崟		
	崢		
	嵋		
	嵌		
	嵎		
	嵒		
	嵜		
	嵬		
	嵳		
	嵶		
	嶂		
	嶄		
	嶇		
	嶌		
	嶐		
	嶝		
	嶢		
	嶬		
	嶮		
	嶷		
	嶼		
	嶽		
	巉		
	巍		
	巒		
	巓		
	巖		
	巛		
	巫		
	已		
	巵		
	帋		
	帑		
	帙		
	帚		
	帛		
	帶		
	帷		
	幀		
	幃		
	幄		
	幇		
	幎		
	幔		
	幗		
	幟		
	幢		
	幤		
	幵		
	并		
	幺		
	广		
	庠		
	廁		
	廂		
	廈		
	廏		
	廐		
	廖		
	廚		
	廛		
	廝		
	廡		
	廢		
	廣		
	廨		
	廩		
	廬		
	廰		
	廱		
	廳		
	廴		
	廸		
	廾		
	弃		
	弉		
	弋		
	弌		
	弍		
	弑		
	弖		
	弩		
	弭		
	弯		
	弸		
	彁		
	彈		
	彌		
	彎		
	彑		
	彖		
	彗		
	彙		
	彜		
	彝		
	彡		
	彭		
	彳		
	彷		
	彿		
	徂		
	徃		
	徇		
	很		
	徊		
	徑		
	徘		
	徙		
	從		
	徠		
	徨		
	徭		
	徼		
	忖		
	忝		
	忤		
	忰		
	忱		
	忸		
	忻		
	忿		
	怎		
	怏		
	怐		
	怕		
	怙		
	怛		
	怡		
	怦		
	怩		
	怫		
	怱		
	怺		
	恁		
	恂		
	恃		
	恆		
	恊		
	恍		
	恙		
	恚		
	恟		
	恠		
	恣		
	恤		
	恪		
	恫		
	恬		
	恷		
	悁		
	悃		
	悄		
	悋		
	悍		
	悒		
	悖		
	悗		
	悚		
	悛		
	悧		
	悳		
	悴		
	悵		
	悸		
	悽		
	惆		
	惓		
	惘		
	惠		
	惡		
	惧		
	惱		
	惴		
	惶		
	惷		
	惺		
	惻		
	愀		
	愃		
	愆		
	愍		
	愎		
	愕		
	愡		
	愧		
	愨		
	愬		
	愴		
	愼		
	愽		
	愾		
	愿		
	慂		
	慄		
	慇		
	慊		
	慍		
	慓		
	慘		
	慙		
	慚		
	慝		
	慟		
	慥		
	慫		
	慯		
	慱		
	慳		
	慴		
	慵		
	慷		
	憇		
	憊		
	憑		
	憔		
	憖		
	憙		
	憚		
	憫		
	憬		
	憮		
	憺		
	懃		
	懆		
	懈		
	應		
	懊		
	懋		
	懌		
	懍		
	懣		
	懦		
	懴		
	懶		
	懷		
	懺		
	懼		
	懽		
	懾		
	懿		
	戀		
	戈		
	戉		
	戌		
	戍		
	戔		
	戛		
	戝		
	戞		
	戡		
	截		
	戮		
	戰		
	戲		
	戳		
	扁		
	扈		
	扎		
	扛		
	扞		
	扠		
	扣		
	扨		
	扼		
	找		
	抂		
	抃		
	抉		
	抒		
	抓		
	抔		
	抖		
	抛		
	抬		
	抻		
	拂		
	拆		
	拇		
	拈		
	拉		
	拊		
	拌		
	拏		
	拑		
	拔		
	拗		
	拜		
	拮		
	拯		
	拱		
	拵		
	拿		
	挂		
	挈		
	挌		
	挧		
	挾		
	捍		
	捏		
	捐		
	捩		
	捫		
	捶		
	掀		
	掉		
	掎		
	掏		
	掖		
	掟		
	掣		
	掫		
	掵		
	掾		
	揀		
	揄		
	揆		
	揉		
	插		
	揣		
	揩		
	揶		
	搆		
	搏		
	搓		
	搖		
	搗		
	搜		
	搦		
	搨		
	搴		
	搶		
	摎		
	摧		
	摯		
	摶		
	撈		
	撓		
	撕		
	撥		
	撩		
	撻		
	撼		
	擂		
	擅		
	擇		
	擒		
	擔		
	擘		
	據		
	擠		
	擡		
	擣		
	擧		
	擯		
	擱		
	擲		
	擴		
	擶		
	擺		
	擽		
	攀		
	攅		
	攘		
	攜		
	攝		
	攣		
	攤		
	攪		
	攫		
	攬		
	攴		
	攵		
	收		
	攷		
	攸		
	效		
	敍		
	敕		
	敖		
	敘		
	敝		
	敞		
	敲		
	數		
	斂		
	斃		
	斈		
	斛		
	斟		
	斫		
	斷		
	旁		
	旃		
	旄		
	旆		
	旌		
	旒		
	旙		
	旛		
	无		
	旡		
	旱		
	旻		
	昃		
	昊		
	昜		
	昴		
	昵		
	昶		
	昿		
	晁		
	晄		
	晉		
	晏		
	晝		
	晞		
	晟		
	晢		
	晤		
	晧		
	晨		
	晰		
	暃		
	暄		
	暈		
	暉		
	暎		
	暘		
	暝		
	暸		
	暹		
	暼		
	暾		
	曁		
	曄		
	曉		
	曖		
	曚		
	曠		
	曦		
	曩		
	曰		
	曵		
	曷		
	曼		
	會		
	朏		
	朖		
	朞		
	朦		
	朧		
	朮		
	朶		
	朷		
	朸		
	朿		
	杁		
	杆		
	杙		
	杞		
	杠		
	杣		
	杤		
	杪		
	杰		
	杲		
	杳		
	杼		
	枅		
	枉		
	枋		
	枌		
	枡		
	枦		
	枩		
	枳		
	枴		
	枷		
	枸		
	枹		
	柆		
	柎		
	柝		
	柞		
	柢		
	柤		
	柧		
	柩		
	柬		
	柮		
	柯		
	栞		
	栩		
	栫		
	栲		
	桀		
	框		
	桍		
	桎		
	桙		
	档		
	桴		
	桷		
	桾		
	桿		
	梃		
	梍		
	梏		
	梔		
	梛		
	條		
	梟		
	梠		
	梦		
	梭		
	梳		
	梵		
	梹		
	梺		
	棆		
	棊		
	棍		
	棔		
	棕		
	棗		
	棘		
	棠		
	棡		
	棣		
	棧		
	棯		
	棹		
	椁		
	椄		
	椈		
	椌		
	椏		
	椒		
	椚		
	椡		
	椢		
	椣		
	椥		
	椦		
	椨		
	椪		
	椰		
	椶		
	椹		
	椽		
	楔		
	楙		
	楜		
	楝		
	楞		
	楡		
	楪		
	楫		
	楮		
	楴		
	楷		
	楸		
	楹		
	楾		
	榁		
	榑		
	榕		
	榜		
	榠		
	榧		
	榮		
	榱		
	榲		
	榴		
	榻		
	榾		
	榿		
	槁		
	槃		
	槇		
	槊		
	槎		
	槐		
	槓		
	槝		
	槞		
	槧		
	槨		
	槫		
	槭		
	槲		
	槹		
	槿		
	樂		
	樅		
	樊		
	樌		
	樒		
	樓		
	樔		
	樛		
	樞		
	樢		
	樣		
	樮		
	樶		
	樸		
	橄		
	橇		
	橈		
	橙		
	橢		
	橦		
	橲		
	橸		
	檄		
	檍		
	檐		
	檗		
	檜		
	檠		
	檢		
	檣		
	檪		
	檬		
	檮		
	檳		
	檸		
	檻		
	櫁		
	櫂		
	櫃		
	櫑		
	櫚		
	櫞		
	櫟		
	櫪		
	櫺		
	櫻		
	欅		
	權		
	欒		
	欖		
	欟		
	欷		
	欸		
	欹		
	歃		
	歇		
	歉		
	歐		
	歔		
	歙		
	歛		
	歟		
	歡		
	歸		
	歹		
	歿		
	殀		
	殃		
	殄		
	殍		
	殕		
	殘		
	殞		
	殤		
	殪		
	殫		
	殯		
	殱		
	殲		
	殳		
	殷		
	殼		
	毀		
	毆		
	毋		
	毓		
	毟		
	毫		
	毬		
	毯		
	毳		
	氈		
	氓		
	气		
	氛		
	氣		
	氤		
	汕		
	汞		
	汢		
	汨		
	汪		
	汳		
	汾		
	沁		
	沂		
	沍		
	沐		
	沒		
	沚		
	沛		
	沮		
	沱		
	沺		
	沽		
	沾		
	泄		
	泅		
	泓		
	泗		
	泙		
	泛		
	泝		
	泪		
	泯		
	泱		
	洌		
	洒		
	洙		
	洟		
	洫		
	洳		
	洵		
	洶		
	洸		
	洽		
	浙		
	浚		
	浣		
	浤		
	浹		
	涅		
	涎		
	涓		
	涕		
	涵		
	涸		
	淅		
	淆		
	淇		
	淌		
	淒		
	淕		
	淙		
	淞		
	淤		
	淦		
	淨		
	淪		
	淬		
	淮		
	淹		
	淺		
	渊		
	渕		
	渙		
	渝		
	渟		
	渣		
	渤		
	渫		
	渭		
	渮		
	游		
	渺		
	渾		
	湃		
	湍		
	湎		
	湟		
	湫		
	湮		
	湲		
	湶		
	溂		
	溏		
	溘		
	溟		
	溥		
	溪		
	溯		
	溲		
	溷		
	溽		
	滂		
	滄		
	滉		
	滌		
	滓		
	滔		
	滕		
	滬		
	滯		
	滲		
	滷		
	滸		
	滾		
	滿		
	漑		
	漓		
	漱		
	漲		
	漾		
	漿		
	潁		
	潘		
	潛		
	潦		
	潭		
	潯		
	潴		
	潸		
	潺		
	潼		
	澀		
	澁		
	澂		
	澆		
	澎		
	澑		
	澡		
	澣		
	澤		
	澪		
	澳		
	澹		
	濂		
	濆		
	濔		
	濕		
	濘		
	濛		
	濟		
	濤		
	濬		
	濮		
	濱		
	濳		
	濶		
	濺		
	濾		
	瀁		
	瀉		
	瀋		
	瀏		
	瀑		
	瀘		
	瀚		
	瀛		
	瀝		
	瀟		
	瀰		
	瀲		
	瀾		
	灌		
	灑		
	灣		
	炒		
	炙		
	炬		
	炮		
	炯		
	炳		
	炸		
	烋		
	烙		
	烝		
	烟		
	烱		
	烽		
	焉		
	焙		
	焜		
	煌		
	煕		
	煖		
	煢		
	煥		
	煦		
	煬		
	熄		
	熈		
	熏		
	熕		
	熙		
	熨		
	熬		
	熹		
	熾		
	燉		
	燎		
	燒		
	燔		
	燗		
	營		
	燠		
	燧		
	燬		
	燮		
	燵		
	燹		
	燻		
	燼		
	燿		
	爍		
	爐		
	爛		
	爨		
	爬		
	爭		
	爰		
	爲		
	爻		
	爼		
	爿		
	牀		
	牆		
	牋		
	牘		
	牴		
	牾		
	犁		
	犂		
	犇		
	犒		
	犖		
	犢		
	犧		
	犲		
	犹		
	狃		
	狄		
	狆		
	狎		
	狒		
	狠		
	狡		
	狢		
	狷		
	狹		
	猊		
	猖		
	猗		
	猜		
	猝		
	猥		
	猩		
	猯		
	猴		
	猾		
	獎		
	獏		
	獗		
	獨		
	獪		
	獰		
	獵		
	獸		
	獺		
	獻		
	玳		
	玻		
	珀		
	珈		
	珎		
	珞		
	珥		
	珮		
	珱		
	珸		
	琅		
	琥		
	琲		
	琺		
	琿		
	瑁		
	瑕		
	瑙		
	瑜		
	瑟		
	瑣		
	瑤		
	瑩		
	瑪		
	瑯		
	瑰		
	瑶		
	瑾		
	璋		
	璞		
	璢		
	璧		
	瓊		
	瓏		
	瓔		
	瓠		
	瓣		
	瓧		
	瓩		
	瓮		
	瓰		
	瓱		
	瓲		
	瓷		
	瓸		
	甃		
	甄		
	甅		
	甌		
	甍		
	甎		
	甓		
	甕		
	甞		
	甦		
	甬		
	甸		
	甼		
	畄		
	畆		
	畉		
	畊		
	畋		
	畍		
	畚		
	畛		
	畤		
	畧		
	畩		
	畫		
	畭		
	畴		
	當		
	畸		
	疂		
	疆		
	疇		
	疉		
	疊		
	疔		
	疚		
	疝		
	疣		
	疥		
	疱		
	疳		
	疵		
	疸		
	疼		
	疽		
	痂		
	痃		
	痊		
	痍		
	痒		
	痙		
	痞		
	痣		
	痰		
	痲		
	痳		
	痺		
	痼		
	痾		
	痿		
	瘁		
	瘉		
	瘋		
	瘍		
	瘟		
	瘠		
	瘡		
	瘢		
	瘤		
	瘧		
	瘰		
	瘴		
	瘻		
	癆		
	癇		
	癈		
	癘		
	癜		
	癡		
	癢		
	癧		
	癨		
	癩		
	癪		
	癬		
	癰		
	癲		
	癶		
	癸		
	發		
	皀		
	皃		
	皈		
	皋		
	皎		
	皓		
	皖		
	皙		
	皚		
	皰		
	皴		
	皷		
	皸		
	皹		
	皺		
	盂		
	盍		
	盒		
	盖		
	盜		
	盞		
	盡		
	盥		
	盧		
	盪		
	盻		
	眄		
	眇		
	眈		
	眛		
	眞		
	眤		
	眥		
	眦		
	眩		
	眷		
	眸		
	睇		
	睚		
	睛		
	睥		
	睨		
	睫		
	睹		
	睾		
	睿		
	瞋		
	瞎		
	瞑		
	瞞		
	瞠		
	瞰		
	瞶		
	瞹		
	瞻		
	瞼		
	瞽		
	瞿		
	矇		
	矍		
	矗		
	矚		
	矜		
	矣		
	矮		
	矼		
	砌		
	砒		
	砠		
	硅		
	硴		
	硼		
	碆		
	碌		
	碎		
	碚		
	碣		
	碪		
	碯		
	碵		
	碼		
	碾		
	磅		
	磆		
	磊		
	磋		
	磑		
	磔		
	磚		
	磧		
	磬		
	磴		
	磽		
	礇		
	礑		
	礒		
	礙		
	礦		
	礪		
	礫		
	礬		
	祀		
	祓		
	祕		
	祗		
	祚		
	祟		
	祠		
	祺		
	祿		
	禀		
	禊		
	禝		
	禧		
	禪		
	禮		
	禳		
	禹		
	禺		
	秉		
	秕		
	秡		
	秣		
	秧		
	秬		
	稈		
	稍		
	稘		
	稙		
	稟		
	稠		
	稱		
	稷		
	稻		
	稾		
	穃		
	穉		
	穗		
	穡		
	穢		
	穩		
	穰		
	穹		
	穽		
	窈		
	窕		
	窖		
	窗		
	窘		
	窩		
	窰		
	窶		
	窿		
	竄		
	竅		
	竇		
	竈		
	竊		
	竍		
	竏		
	竒		
	竓		
	竕		
	站		
	竚		
	竝		
	竟		
	竡		
	竢		
	竦		
	竭		
	竰		
	竸		
	笂		
	笄		
	笆		
	笊		
	笋		
	笏		
	笘		
	笙		
	笞		
	笨		
	笳		
	笵		
	笶		
	筅		
	筌		
	筍		
	筐		
	筝		
	筥		
	筧		
	筬		
	筮		
	筰		
	筱		
	筴		
	筵		
	筺		
	箋		
	箍		
	箏		
	箒		
	箘		
	箙		
	箚		
	箜		
	箝		
	箟		
	箴		
	篁		
	篆		
	篋		
	篌		
	篏		
	篝		
	篥		
	篦		
	篩		
	篳		
	篶		
	篷		
	簀		
	簇		
	簍		
	簑		
	簒		
	簓		
	簔		
	簗		
	簟		
	簣		
	簧		
	簪		
	簫		
	簷		
	簽		
	籀		
	籃		
	籌		
	籏		
	籐		
	籔		
	籖		
	籘		
	籟		
	籠		
	籤		
	籥		
	籬		
	籵		
	粃		
	粐		
	粡		
	粢		
	粤		
	粨		
	粫		
	粭		
	粮		
	粱		
	粲		
	粳		
	粹		
	粽		
	糀		
	糂		
	糅		
	糒		
	糘		
	糜		
	糢		
	糯		
	糲		
	糴		
	糶		
	糺		
	紂		
	紆		
	紊		
	紕		
	紜		
	紮		
	紲		
	紵		
	紿		
	絅		
	絆		
	絋		
	絎		
	絏		
	絖		
	絛		
	絣		
	絨		
	絮		
	絲		
	絳		
	絽		
	綉		
	綏		
	經		
	綛		
	綟		
	綢		
	綣		
	綫		
	綮		
	綯		
	綰		
	綵		
	綸		
	綺		
	綽		
	緇		
	緕		
	緘		
	緜		
	緝		
	緞		
	緡		
	緤		
	緲		
	緻		
	縅		
	縉		
	縊		
	縋		
	縒		
	縟		
	縡		
	縢		
	縣		
	縱		
	縲		
	縵		
	縷		
	縹		
	縺		
	縻		
	總		
	繃		
	繆		
	繖		
	繙		
	繚		
	繝		
	繞		
	繦		
	繧		
	繩		
	繪		
	繹		
	繻		
	繼		
	繽		
	繿		
	纃		
	纈		
	纉		
	續		
	纎		
	纐		
	纒		
	纓		
	纔		
	纖		
	纛		
	纜		
	缸		
	缺		
	罅		
	罌		
	罍		
	罎		
	罐		
	网		
	罔		
	罕		
	罘		
	罟		
	罠		
	罧		
	罨		
	罩		
	罸		
	罹		
	羂		
	羃		
	羆		
	羇		
	羈		
	羌		
	羔		
	羚		
	羝		
	羞		
	羣		
	羮		
	羯		
	羲		
	羶		
	羸		
	羹		
	翅		
	翆		
	翊		
	翔		
	翕		
	翡		
	翦		
	翩		
	翳		
	翹		
	耄		
	耆		
	耋		
	耒		
	耘		
	耙		
	耜		
	耡		
	耨		
	耻		
	耿		
	聆		
	聊		
	聒		
	聘		
	聚		
	聟		
	聢		
	聨		
	聰		
	聲		
	聳		
	聶		
	聹		
	聽		
	聿		
	肄		
	肅		
	肆		
	肓		
	肚		
	肛		
	肬		
	肭		
	胄		
	胖		
	胙		
	胚		
	胛		
	胝		
	胥		
	胯		
	胱		
	胼		
	脉		
	脛		
	脣		
	脩		
	脯		
	脾		
	腆		
	腋		
	腑		
	腓		
	腟		
	腥		
	腦		
	腮		
	腱		
	腴		
	膀		
	膂		
	膃		
	膈		
	膊		
	膓		
	膕		
	膠		
	膣		
	膤		
	膩		
	膰		
	膵		
	膸		
	膺		
	膽		
	膾		
	臀		
	臂		
	臈		
	臉		
	臍		
	臑		
	臘		
	臙		
	臚		
	臟		
	臠		
	臧		
	臺		
	臻		
	臾		
	舁		
	舂		
	舅		
	與		
	舉		
	舊		
	舍		
	舐		
	舒		
	舖		
	舩		
	舫		
	舮		
	舳		
	舸		
	艀		
	艘		
	艙		
	艚		
	艝		
	艟		
	艢		
	艤		
	艨		
	艪		
	艫		
	艱		
	艷		
	艸		
	艾		
	芍		
	芒		
	芟		
	芫		
	芬		
	芻		
	苒		
	苙		
	苜		
	苞		
	苟		
	苡		
	苣		
	苳		
	苴		
	苹		
	苺		
	苻		
	范		
	茆		
	茉		
	茖		
	茗		
	茘		
	茣		
	茫		
	茯		
	茱		
	茲		
	茴		
	茵		
	茹		
	荀		
	荅		
	荐		
	荳		
	荵		
	荼		
	莅		
	莇		
	莉		
	莊		
	莎		
	莓		
	莖		
	莚		
	莟		
	莠		
	莢		
	莨		
	莪		
	莵		
	莽		
	菁		
	菎		
	菘		
	菠		
	菫		
	菲		
	菴		
	菷		
	菻		
	菽		
	萃		
	萇		
	萋		
	萍		
	萓		
	萠		
	萢		
	萪		
	萬		
	萵		
	萸		
	萼		
	葆		
	葢		
	葩		
	葫		
	葭		
	葮		
	葯		
	葷		
	葹		
	蒂		
	蒄		
	蒟		
	蒡		
	蒭		
	蒹		
	蒻		
	蒿		
	蓁		
	蓆		
	蓊		
	蓍		
	蓐		
	蓖		
	蓙		
	蓚		
	蓴		
	蓼		
	蓿		
	蔆		
	蔔		
	蔕		
	蔗		
	蔘		
	蔟		
	蔡		
	蔬		
	蕀		
	蕁		
	蕈		
	蕋		
	蕕		
	蕘		
	蕚		
	蕣		
	蕭		
	蕷		
	蕾		
	薀		
	薇		
	薈		
	薊		
	薐		
	薑		
	薔		
	薛		
	薜		
	薤		
	薨		
	薹		
	薺		
	藉		
	藏		
	藐		
	藕		
	藜		
	藝		
	藥		
	藪		
	藹		
	藺		
	藾		
	蘂		
	蘆		
	蘊		
	蘋		
	蘓		
	蘖		
	蘗		
	蘚		
	蘢		
	蘯		
	蘰		
	蘿		
	虍		
	虔		
	處		
	號		
	虧		
	虱		
	蚋		
	蚌		
	蚓		
	蚣		
	蚩		
	蚪		
	蚫		
	蚯		
	蚰		
	蚶		
	蛄		
	蛆		
	蛉		
	蛔		
	蛛		
	蛞		
	蛟		
	蛩		
	蛬		
	蛯		
	蛹		
	蛻		
	蜀		
	蜃		
	蜆		
	蜈		
	蜉		
	蜊		
	蜍		
	蜑		
	蜒		
	蜚		
	蜥		
	蜩		
	蜴		
	蜷		
	蜻		
	蜿		
	蝌		
	蝎		
	蝓		
	蝗		
	蝙		
	蝟		
	蝠		
	蝣		
	蝨		
	蝪		
	蝮		
	蝴		
	蝸		
	螂		
	螟		
	螢		
	螫		
	螯		
	螳		
	螻		
	螽		
	蟀		
	蟄		
	蟆		
	蟇		
	蟋		
	蟐		
	蟒		
	蟠		
	蟯		
	蟲		
	蟶		
	蟷		
	蟾		
	蠅		
	蠍		
	蠎		
	蠏		
	蠑		
	蠕		
	蠖		
	蠡		
	蠢		
	蠣		
	蠧		
	蠱		
	蠶		
	蠹		
	蠻		
	衂		
	衄		
	衍		
	衒		
	衙		
	衞		
	衢		
	衫		
	衲		
	衵		
	衽		
	衾		
	袁		
	袂		
	袍		
	袒		
	袗		
	袙		
	袞		
	袢		
	袤		
	袮		
	袰		
	袱		
	袵		
	袿		
	裃		
	裄		
	裔		
	裘		
	裙		
	裝		
	裨		
	裲		
	裴		
	裹		
	裼		
	褂		
	褄		
	褊		
	褌		
	褓		
	褝		
	褞		
	褥		
	褪		
	褫		
	褶		
	褸		
	褻		
	襁		
	襃		
	襄		
	襌		
	襍		
	襞		
	襠		
	襤		
	襦		
	襪		
	襭		
	襯		
	襴		
	襷		
	襾		
	覃		
	覈		
	覊		
	覓		
	覘		
	覡		
	覦		
	覩		
	覬		
	覯		
	覲		
	覺		
	覽		
	覿		
	觀		
	觚		
	觜		
	觝		
	觧		
	觴		
	觸		
	訃		
	訌		
	訐		
	訖		
	訛		
	訝		
	訥		
	訶		
	詁		
	詆		
	詈		
	詒		
	詛		
	詢		
	詬		
	詭		
	詼		
	誂		
	誄		
	誅		
	誑		
	誚		
	誡		
	誣		
	誥		
	誦		
	誨		
	諂		
	諄		
	諍		
	諚		
	諛		
	諞		
	諠		
	諡		
	諢		
	諤		
	諧		
	諫		
	諱		
	諳		
	諷		
	謇		
	謌		
	謐		
	謔		
	謖		
	謗		
	謚		
	謠		
	謦		
	謨		
	謫		
	謳		
	謾		
	譁		
	證		
	譌		
	譎		
	譏		
	譖		
	譚		
	譛		
	譟		
	譫		
	譬		
	譯		
	譱		
	譴		
	譽		
	讀		
	變		
	讌		
	讎		
	讒		
	讓		
	讖		
	讙		
	讚		
	谺		
	谿		
	豁		
	豈		
	豌		
	豎		
	豐		
	豕		
	豢		
	豫		
	豬		
	豸		
	豺		
	豼		
	貂		
	貅		
	貉		
	貊		
	貍		
	貎		
	貔		
	貘		
	貪		
	貭		
	貮		
	貲		
	貳		
	貶		
	貽		
	賁		
	賈		
	賍		
	賚		
	賣		
	賤		
	賺		
	賻		
	賽		
	贄		
	贅		
	贇		
	贊		
	贍		
	贏		
	贐		
	贓		
	贔		
	贖		
	赧		
	赭		
	赱		
	赳		
	趁		
	趙		
	趺		
	趾		
	跂		
	跋		
	跌		
	跏		
	跖		
	跚		
	跛		
	跟		
	跣		
	跪		
	跫		
	跼		
	跿		
	踈		
	踉		
	踐		
	踝		
	踞		
	踟		
	踪		
	踰		
	踴		
	踵		
	蹂		
	蹇		
	蹈		
	蹉		
	蹊		
	蹌		
	蹐		
	蹕		
	蹙		
	蹠		
	蹣		
	蹤		
	蹲		
	蹶		
	蹼		
	躁		
	躄		
	躅		
	躇		
	躊		
	躋		
	躑		
	躓		
	躔		
	躙		
	躡		
	躪		
	躬		
	躰		
	躱		
	躾		
	軅		
	軆		
	軈		
	軋		
	軛		
	軣		
	軫		
	軻		
	軼		
	軾		
	輅		
	輊		
	輌		
	輒		
	輓		
	輕		
	輙		
	輛		
	輜		
	輟		
	輦		
	輳		
	輹		
	輻		
	輾		
	轂		
	轅		
	轆		
	轉		
	轌		
	轎		
	轗		
	轜		
	轢		
	轣		
	轤		
	辜		
	辟		
	辣		
	辧		
	辨		
	辭		
	辮		
	辯		
	辷		
	迚		
	迢		
	迥		
	迪		
	迯		
	迴		
	迸		
	迹		
	迺		
	逅		
	逋		
	逍		
	逎		
	逑		
	逕		
	逖		
	逞		
	逡		
	逧		
	逵		
	逶		
	逹		
	逾		
	遉		
	遏		
	遐		
	遑		
	遒		
	遖		
	遘		
	遙		
	遞		
	遨		
	遯		
	遲		
	遶		
	遽		
	邀		
	邁		
	邂		
	邃		
	邇		
	邉		
	邊		
	邏		
	邨		
	邯		
	邱		
	邵		
	郛		
	郢		
	郤		
	鄂		
	鄒		
	鄙		
	鄰		
	鄲		
	酊		
	酖		
	酘		
	酣		
	酥		
	酩		
	酲		
	酳		
	醂		
	醉		
	醋		
	醢		
	醪		
	醫		
	醯		
	醴		
	醵		
	醺		
	釀		
	釁		
	釉		
	釋		
	釐		
	釖		
	釛		
	釟		
	釡		
	釵		
	釶		
	釼		
	釿		
	鈑		
	鈔		
	鈕		
	鈞		
	鈩		
	鈬		
	鈿		
	鉅		
	鉈		
	鉉		
	鉋		
	鉐		
	鉗		
	鉚		
	鉞		
	鉤		
	銓		
	銕		
	銖		
	銛		
	銜		
	銷		
	銹		
	鋏		
	鋩		
	鋺		
	錏		
	錙		
	錚		
	錢		
	錣		
	錮		
	錵		
	錺		
	錻		
	鍄		
	鍖		
	鍜		
	鍠		
	鍮		
	鍼		
	鎔		
	鎬		
	鎭		
	鎰		
	鎹		
	鏃		
	鏈		
	鏐		
	鏖		
	鏗		
	鏘		
	鏝		
	鏤		
	鏥		
	鏨		
	鐃		
	鐇		
	鐐		
	鐓		
	鐔		
	鐚		
	鐡		
	鐫		
	鐵		
	鐶		
	鐺		
	鑁		
	鑄		
	鑒		
	鑚		
	鑛		
	鑞		
	鑠		
	鑢		
	鑪		
	鑰		
	鑵		
	鑷		
	鑼		
	鑽		
	鑾		
	鑿		
	钁		
	閂		
	閇		
	閊		
	閔		
	閖		
	閘		
	閙		
	閠		
	閧		
	閨		
	閭		
	閹		
	閻		
	閼		
	閾		
	闃		
	闊		
	闌		
	闍		
	闔		
	闕		
	闖		
	關		
	闡		
	闢		
	闥		
	阡		
	阨		
	阮		
	阯		
	陂		
	陋		
	陌		
	陏		
	陜		
	陝		
	陞		
	陟		
	陦		
	陬		
	陲		
	陷		
	隋		
	隍		
	隕		
	隗		
	隘		
	隧		
	隨		
	險		
	隰		
	隱		
	隲		
	隴		
	隶		
	隸		
	隹		
	雉		
	雋		
	雍		
	雎		
	雕		
	雖		
	雙		
	雜		
	雹		
	霄		
	霆		
	霈		
	霍		
	霎		
	霏		
	霑		
	霓		
	霖		
	霙		
	霤		
	霪		
	霰		
	霸		
	霹		
	霽		
	霾		
	靂		
	靄		
	靆		
	靈		
	靉		
	靜		
	靠		
	靡		
	靤		
	靦		
	靨		
	靫		
	靱		
	靹		
	靺		
	靼		
	鞁		
	鞅		
	鞆		
	鞋		
	鞏		
	鞐		
	鞜		
	鞣		
	鞦		
	鞨		
	鞫		
	鞳		
	鞴		
	韃		
	韆		
	韈		
	韋		
	韜		
	韭		
	韲		
	韵		
	韶		
	頌		
	頏		
	頡		
	頤		
	頷		
	頸		
	頽		
	顆		
	顋		
	顏		
	顫		
	顯		
	顰		
	顱		
	顳		
	顴		
	颪		
	颯		
	颱		
	颶		
	飃		
	飄		
	飆		
	飜		
	飩		
	飫		
	飭		
	飮		
	餃		
	餉		
	餒		
	餔		
	餘		
	餝		
	餞		
	餠		
	餡		
	餤		
	餬		
	餮		
	餽		
	餾		
	饂		
	饅		
	饉		
	饋		
	饌		
	饐		
	饑		
	饒		
	饕		
	馗		
	馘		
	馥		
	馭		
	馮		
	馼		
	駑		
	駘		
	駛		
	駝		
	駟		
	駢		
	駭		
	駮		
	駱		
	駲		
	駸		
	駻		
	騁		
	騅		
	騏		
	騙		
	騫		
	騷		
	騾		
	驀		
	驂		
	驃		
	驅		
	驍		
	驕		
	驗		
	驛		
	驟		
	驢		
	驤		
	驥		
	驩		
	驪		
	驫		
	骭		
	骰		
	骼		
	髀		
	髏		
	髑		
	髓		
	體		
	髞		
	髟		
	髢		
	髣		
	髦		
	髫		
	髮		
	髯		
	髱		
	髴		
	髷		
	髻		
	鬆		
	鬘		
	鬚		
	鬟		
	鬢		
	鬣		
	鬥		
	鬧		
	鬨		
	鬩		
	鬪		
	鬮		
	鬯		
	鬱		
	鬲		
	鬻		
	魃		
	魄		
	魍		
	魎		
	魏		
	魑		
	魘		
	魴		
	鮃		
	鮑		
	鮓		
	鮖		
	鮗		
	鮟		
	鮠		
	鮨		
	鮴		
	鮹		
	鯀		
	鯆		
	鯊		
	鯏		
	鯑		
	鯒		
	鯔		
	鯡		
	鯢		
	鯣		
	鯤		
	鯰		
	鯱		
	鯲		
	鰄		
	鰆		
	鰈		
	鰉		
	鰊		
	鰌		
	鰒		
	鰓		
	鰔		
	鰕		
	鰛		
	鰡		
	鰤		
	鰥		
	鰮		
	鰰		
	鰲		
	鰺		
	鰾		
	鱆		
	鱇		
	鱚		
	鱠		
	鱧		
	鱶		
	鱸		
	鳧		
	鳫		
	鳬		
	鳰		
	鴃		
	鴆		
	鴈		
	鴉		
	鴒		
	鴕		
	鴟		
	鴣		
	鴦		
	鴪		
	鴾		
	鴿		
	鵁		
	鵄		
	鵆		
	鵈		
	鵐		
	鵑		
	鵙		
	鵝		
	鵞		
	鵤		
	鵯		
	鵲		
	鵺		
	鶇		
	鶉		
	鶚		
	鶤		
	鶩		
	鶫		
	鶯		
	鶲		
	鶸		
	鶺		
	鶻		
	鷁		
	鷂		
	鷄		
	鷆		
	鷏		
	鷓		
	鷙		
	鷦		
	鷭		
	鷯		
	鷸		
	鷽		
	鸚		
	鸛		
	鸞		
	鹵		
	鹹		
	鹽		
	麁		
	麈		
	麋		
	麌		
	麑		
	麒		
	麕		
	麝		
	麥		
	麩		
	麪		
	麭		
	麸		
	麼		
	麾		
	黌		
	黎		
	黏		
	黐		
	黔		
	默		
	黜		
	黝		
	點		
	黠		
	黥		
	黨		
	黯		
	黴		
	黶		
	黷		
	黹		
	黻		
	黼		
	黽		
	鼇		
	鼈		
	鼕		
	鼡		
	鼬		
	鼾		
	齊		
	齋		
	齎		
	齏		
	齒		
	齔		
	齟		
	齠		
	齡		
	齣		
	齦		
	齧		
	齪		
	齬		
	齲		
	齶		
	齷		
	龕		
	龜		
	龝		
	龠		
		㐂	
		㒵	
		㓛	
		㞍	
		㟢	
		㬢	
		㮶	
		㯃	
		㰏	
		㸿	
		㽲	
		䉤	
		䑓	
		䑛	
		䖝	
		䗪	
		䡄	
		䦰	
		䰗	
		丨	
		丯	
		丰	
		亍	
		仡	
		份	
		仿	
		伃	
		伋	
		佈	
		佉	
		佖	
		佟	
		你	
		佪	
		佬	
		佾	
		侊	
		侔	
		侗	
		俉	
		俠	
		俱	
		倁	
		倂	
		倎	
		倘	
		倧	
		倮	
		倻	
		偀	
		偁	
		傔	
		僌	
		僐	
		僦	
		僲	
		儃	
		儆	
		儋	
		儞	
		儵	
		兊	
		兕	
		兗	
		冝	
		凃	
		凊	
		凞	
		凢	
		凮	
		刁	
		刓	
		刕	
		剉	
		剗	
		剝	
		剡	
		劓	
		勈	
		勌	
		勐	
		勖	
		勛	
		勰	
		勻	
		匀	
		匇	
		匜	
		卡	
		卣	
		卽	
		厓	
		厝	
		厲	
		吒	
		吞	
		吧	
		呍	
		呫	
		呴	
		呿	
		咈	
		咖	
		咜	
		咡	
		咩	
		哆	
		哿	
		唎	
		唫	
		唵	
		啐	
		啞	
		喁	
		喆	
		喎	
		喭	
		嗎	
		嘈	
		嘎	
		嘻	
		噉	
		噓	
		噦	
		噯	
		噱	
		噲	
		噶	
		嚙	
		嚞	
		嚩	
		嚬	
		嚳	
		囉	
		囊	
		圊	
		圡	
		圯	
		圳	
		圴	
		坰	
		坷	
		坼	
		垜	
		垸	
		埇	
		埈	
		埏	
		埤	
		埭	
		埵	
		埶	
		埿	
		堉	
		塡	
		塤	
		塼	
		墉	
		增	
		墩	
		壎	
		壒	
		壔	
		壚	
		壠	
		壩	
		夌	
		奝	
		奭	
		妋	
		妒	
		妤	
		姃	
		姒	
		姝	
		姸	
		娓	
		娣	
		婧	
		婭	
		婷	
		婾	
		媄	
		媞	
		媧	
		嫄	
		嬙	
		嬥	
		孁	
		孖	
		孽	
		宓	
		寘	
		寬	
		尒	
		尞	
		尣	
		尫	
		屛	
		屢	
		屺	
		岏	
		岟	
		岣	
		岪	
		岺	
		峋	
		峐	
		峒	
		峴	
		崍	
		崧	
		嵆	
		嵇	
		嵊	
		嵓	
		嵭	
		嶁	
		嶠	
		嶤	
		嶧	
		嶸	
		巋	
		巢	
		帔	
		帘	
		幘	
		幞	
		幷	
		庾	
		廋	
		廹	
		开	
		异	
		弇	
		弝	
		弣	
		弴	
		弶	
		弽	
		彀	
		彅	
		彔	
		彘	
		彤	
		彧	
		彽	
		徉	
		徜	
		徧	
		徯	
		徵	
		德	
		忉	
		忞	
		忡	
		忩	
		怍	
		怔	
		怘	
		怳	
		怵	
		恇	
		悝	
		悞	
		惋	
		惔	
		惕	
		惝	
		惸	
		愜	
		愫	
		愰	
		愷	
		憍	
		憹	
		憼	
		戢	
		戾	
		扃	
		扖	
		扚	
		扯	
		抅	
		拄	
		拖	
		拼	
		挊	
		挘	
		挹	
		捃	
		捥	
		捼	
		揥	
		揭	
		揵	
		搐	
		搔	
		搢	
		摑	
		摠	
		摭	
		摹	
		撾	
		撿	
		擄	
		擊	
		擎	
		擐	
		擷	
		擻	
		攢	
		攩	
		敧	
		斝	
		昀	
		昉	
		昕	
		昞	
		昢	
		昤	
		昫	
		昰	
		昱	
		昳	
		昺	
		晈	
		晌	
		晙	
		晚	
		晡	
		晥	
		晳	
		晷	
		晸	
		暍	
		暠	
		暲	
		暻	
		曆	
		曈	
		曛	
		曨	
		曺	
		曻	
		朓	
		朳	
		杇	
		杈	
		杦	
		杻	
		极	
		枓	
		枘	
		枛	
		枻	
		柀	
		柗	
		柹	
		柼	
		栁	
		栝	
		栬	
		栱	
		桒	
		桛	
		桲	
		桵	
		梣	
		梥	
		梲	
		棈	
		棐	
		棨	
		棭	
		棰	
		棱	
		棼	
		椊	
		椵	
		楂	
		楉	
		楗	
		楣	
		楤	
		楨	
		榀	
		榥	
		榭	
		槏	
		槢	
		槩	
		槪	
		槵	
		槶	
		樏	
		樕	
		樻	
		樾	
		橅	
		橐	
		橖	
		橛	
		橫	
		橳	
		檉	
		檔	
		檝	
		檞	
		檥	
		櫤	
		櫧	
		欛	
		欞	
		欬	
		欵	
		歆	
		歖	
		歠	
		步	
		歧	
		歷	
		殂	
		殩	
		殭	
		每	
		毖	
		毗	
		毿	
		氅	
		氐	
		氳	
		汙	
		汜	
		汴	
		汶	
		沅	
		沆	
		沘	
		沜	
		沪	
		泆	
		泔	
		泠	
		泫	
		泮	
		泻	
		洄	
		洎	
		洮	
		洱	
		洹	
		洿	
		浘	
		浥	
		涂	
		涇	
		涉	
		涔	
		涪	
		涬	
		涿	
		淄	
		淖	
		淚	
		淛	
		淝	
		淼	
		渴	
		湄	
		湜	
		湞	
		溫	
		溱	
		滁	
		滇	
		滎	
		漐	
		漚	
		漪	
		漯	
		漳	
		潑	
		潙	
		潞	
		潡	
		潢	
		潾	
		澈	
		澌	
		澍	
		澔	
		澠	
		澧	
		澶	
		澼	
		濇	
		濊	
		濰	
		濵	
		濹	
		瀅	
		瀆	
		瀨	
		灊	
		灎	
		灝	
		灞	
		灤	
		灵	
		炅	
		炤	
		炫	
		炷	
		烔	
		烘	
		烤	
		焏	
		焞	
		焠	
		焫	
		焮	
		焰	
		煆	
		煇	
		煑	
		煒	
		煜	
		煠	
		煨	
		熅	
		熇	
		熒	
		熺	
		燁	
		燄	
		燾	
		爀	
		爕	
		牕	
		牖	
		犍	
		犛	
		犾	
		狀	
		狻	
		猧	
		猨	
		獐	
		獦	
		獼	
		玕	
		玟	
		玠	
		玢	
		玦	
		玫	
		珉	
		珏	
		珖	
		珙	
		珣	
		珩	
		琇	
		琊	
		琚	
		琛	
		琦	
		琨	
		琪	
		琫	
		琬	
		琮	
		琯	
		琰	
		瑄	
		瑆	
		瑇	
		瑋	
		瑗	
		瑢	
		瑫	
		瑭	
		璆	
		璇	
		璉	
		璐	
		璘	
		璜	
		璟	
		璣	
		璦	
		璨	
		璩	
		璵	
		璿	
		瓈	
		瓉	
		瓚	
		瓿	
		甁	
		甗	
		甯	
		畯	
		畹	
		疒	
		痎	
		痤	
		瘀	
		瘂	
		瘈	
		瘕	
		瘖	
		瘙	
		瘞	
		瘦	
		瘭	
		瘵	
		癃	
		癋	
		癤	
		癥	
		癭	
		癯	
		癱	
		皁	
		皛	
		皝	
		皞	
		皦	
		皪	
		皶	
		盅	
		盌	
		盎	
		盔	
		盦	
		盱	
		盼	
		眊	
		眙	
		眴	
		眶	
		睆	
		睍	
		睎	
		睜	
		睟	
		睢	
		睺	
		瞀	
		瞔	
		瞪	
		矠	
		砭	
		硃	
		硎	
		硏	
		硑	
		硨	
		确	
		碭	
		碰	
		磤	
		磲	
		磷	
		礀	
		礜	
		礮	
		礱	
		礴	
		祅	
		祆	
		祜	
		祹	
		禘	
		禱	
		禸	
		秈	
		秊	
		秔	
		秞	
		秫	
		秭	
		稃	
		稹	
		穝	
		穭	
		窅	
		窠	
		窳	
		窻	
		竎	
		竫	
		竽	
		笒	
		笭	
		笻	
		筇	
		筎	
		筠	
		筭	
		筯	
		筲	
		箞	
		篗	
		篙	
		簁	
		簞	
		簠	
		簱	
		簳	
		簶	
		籙	
		籭	
		籹	
		粏	
		粔	
		粠	
		粼	
		糕	
		糙	
		糝	
		紇	
		紈	
		紓	
		紝	
		紣	
		紱	
		絁	
		絈	
		絓	
		絜	
		絺	
		綃	
		綋	
		綠	
		綦	
		緂	
		緌	
		緖	
		緣	
		縈	
		縑	
		縕	
		縨	
		繇	
		繒	
		繡	
		繫	
		纊	
		纍	
		罇	
		羑	
		羗	
		羿	
		翎	
		翛	
		翟	
		翬	
		翮	
		翺	
		耔	
		耦	
		耵	
		耷	
		耼	
		胊	
		胗	
		胠	
		胳	
		脘	
		腊	
		腠	
		腧	
		腨	
		腭	
		膻	
		臊	
		臏	
		臗	
		艠	
		艴	
		芎	
		芡	
		芣	
		芤	
		芩	
		芮	
		芷	
		芾	
		芿	
		苆	
		苕	
		苽	
		苾	
		茀	
		茁	
		茢	
		茭	
		茺	
		荃	
		荇	
		荑	
		荕	
		荢	
		荽	
		莆	
		莒	
		莘	
		莧	
		莩	
		莿	
		菀	
		菇	
		菏	
		菑	
		菡	
		菪	
		萁	
		萆	
		萊	
		葈	
		葟	
		葰	
		葳	
		蒅	
		蒞	
		蒯	
		蒴	
		蒺	
		蓀	
		蓂	
		蔞	
		蔣	
		蔯	
		蔲	
		蕙	
		蕤	
		蕺	
		薌	
		薏	
		薢	
		薭	
		薰	
		藋	
		藎	
		藭	
		藿	
		蘄	
		蘅	
		蘐	
		蘒	
		蘘	
		蘩	
		蘸	
		虁	
		虗	
		虛	
		虢	
		虬	
		虵	
		蚘	
		蚸	
		蛺	
		蛼	
		蛽	
		蜋	
		蝱	
		螇	
		螈	
		螬	
		螭	
		螵	
		蟖	
		蟬	
		蠆	
		蠊	
		蠐	
		蠔	
		蠟	
		袘	
		袪	
		裊	
		裎	
		裵	
		褘	
		褙	
		褚	
		褜	
		褧	
		褰	
		褲	
		褹	
		襀	
		覔	
		觔	
		觥	
		觶	
		訒	
		訕	
		訢	
		訷	
		詇	
		詎	
		詝	
		詡	
		詵	
		詹	
		誧	
		諐	
		諟	
		諴	
		諶	
		譆	
		譔	
		譙	
		譩	
		讝	
		豉	
		豨	
		賡	
		賴	
		賸	
		賾	
		贒	
		贛	
		趯	
		跎	
		跑	
		跗	
		踠	
		踣	
		踽	
		蹰	
		蹻	
		軀	
		軺	
		輞	
		輭	
		輶	
		轔	
		辦	
		辵	
		迤	
		迨	
		迮	
		逈	
		逭	
		邈	
		邕	
		邗	
		邙	
		邛	
		邢	
		邳	
		邾	
		郄	
		郅	
		郇	
		郗	
		郝	
		郞	
		郯	
		郴	
		鄔	
		鄕	
		鄖	
		鄢	
		鄣	
		鄧	
		鄯	
		鄱	
		鄴	
		鄽	
		酈	
		酛	
		醃	
		醞	
		醬	
		醱	
		醼	
		釗	
		釤	
		釥	
		釭	
		釱	
		釻	
		鈇	
		鈐	
		鈸	
		鈹	
		鈺	
		鈼	
		鉀	
		鉃	
		鉏	
		鉸	
		銈	
		鋂	
		鋋	
		鋌	
		鋓	
		鋠	
		鋿	
		錄	
		錟	
		錡	
		錥	
		鍈	
		鍉	
		鍊	
		鍤	
		鍥	
		鍪	
		鍰	
		鎛	
		鎣	
		鎺	
		鏆	
		鏞	
		鏟	
		鏽	
		鐄	
		鐳	
		鑊	
		鑣	
		鑫	
		鑱	
		鑲	
		閎	
		閟	
		閦	
		閩	
		閬	
		閶	
		閽	
		闋	
		闐	
		闓	
		闚	
		闞	
		陘	
		隄	
		隝	
		隤	
		隥	
		雒	
		雞	
		雩	
		雯	
		霳	
		霻	
		靍	
		靎	
		靏	
		靚	
		靮	
		靳	
		鞕	
		鞮	
		鞺	
		韁	
		韉	
		韛	
		韞	
		韴	
		頊	
		頞	
		頫	
		頰	
		顒	
		顓	
		顖	
		顗	
		顙	
		顚	
		顥	
		顬	
		颺	
		飈	
		飧	
		饘	
		馞	
		騂	
		騃	
		騤	
		騭	
		騮	
		騸	
		驊	
		驎	
		驒	
		骶	
		髁	
		髃	
		髎	
		髖	
		髹	
		鬂	
		鬈	
		鬠	
		鬭	
		魞	
		魦	
		魲	
		魵	
		魹	
		鮄	
		鮊	
		鮏	
		鮞	
		鮧	
		鯁	
		鯎	
		鯥	
		鯸	
		鯽	
		鰀	
		鰣	
		鱁	
		鱏	
		鱐	
		鱓	
		鱣	
		鱥	
		鱷	
		鴝	
		鴞	
		鵃	
		鵇	
		鵒	
		鵣	
		鵰	
		鵼	
		鶊	
		鶖	
		鶬	
		鶼	
		鷀	
		鷗	
		鷧	
		鸇	
		鸕	
		鹼	
		麞	
		麤	
		麬	
		麯	
		麴	
		麵	
		黃	
		黑	
		鼐	
		鼹	
		齗	
		龐	
		龔	
		龗	
		龢	
		欄	
		廊	
		朗	
		虜	
		殺	
		類	
		隆	
		﨏	
		塚	
		﨑	
		﨔	
		凞	
		猪	
		神	
		祥	
		福	
		﨟	
		諸	
		都	
		侮	
		僧	
		免	
		勉	
		勤	
		卑	
		喝	
		嘆	
		器	
		塀	
		墨	
		層	
		屮	
		悔	
		慨	
		憎	
		懲	
		敏	
		既	
		暑	
		梅	
		海	
		渚	
		漢	
		煮	
		琢	
		碑	
		社	
		祉	
		祈	
		祐	
		祖	
		祝	
		禍	
		禎	
		穀	
		突	
		節	
		練	
		繁	
		署	
		者	
		臭	
		著	
		褐	
		視	
		謁	
		謹	
		賓	
		贈	
		逸	
		難	
		響	
		頻	
		𠀋	
		𠮟	
		𡈽	
		𡌛	
		𡑮	
		𡚴	
		𡢽	
		𡸴	
		𣇄	
		𣗄	
		𣜿	
		𣝣	
		𣳾	
		𤟱	
		𥒎	
		𥔎	
		𥝱	
		𥧄	
		𥶡	
		𦫿	
		𦹀	
		𧃴	
		𧚄	
		𨉷	
		𨏍	
		𪆐	
			㐆
			㐬
			㐮
			㑨
			㑪
			㒒
			㒼
			㓁
			㓇
			㔟
			㕝
			㕞
			㕣
			㕮
			㖦
			㖨
			㗅
			㗚
			㗴
			㘅
			㙊
			㚑
			㚖
			㚙
			㛏
			㝡
			㝢
			㝫
			㝬
			㝵
			㟁
			㟨
			㟴
			㟽
			㠀
			㠯
			㠶
			㡀
			㡜
			㡡
			㣺
			㤗
			㤚
			㥯
			㩮
			㩳
			㫖
			㫗
			㫪
			㬎
			㬚
			㬜
			㭭
			㭷
			㮇
			㮈
			㮍
			㮤
			㯍
			㯰
			㰦
			㳃
			㳒
			㴑
			㴞
			㵤
			㶚
			㷀
			㷔
			㸅
			㹠
			㹦
			㹨
			㺃
			㺔
			㽗
			㽵
			㽷
			㾮
			㿉
			㿗
			䀹
			䁘
			䂓
			䄅
			䅈
			䅏
			䅣
			䆴
			䆿
			䇦
			䇮
			䇳
			䈇
			䈎
			䋆
			䋖
			䋝
			䌂
			䌫
			䍃
			䏮
			䏰
			䐈
			䐗
			䐜
			䐢
			䑶
			䑺
			䒑
			䒳
			䒾
			䓔
			䔈
			䔍
			䔥
			䕃
			䖸
			䗥
			䘏
			䙁
			䙥
			䚡
			䚯
			䜌
			䝤
			䟽
			䠖
			䡎
			䢵
			䧧
			䧺
			䨄
			䨩
			䪼
			䬻
			䯂
			䯊
			䯒
			䯨
			䰠
			䳄
			䳑
			䴇
			䵷
			丂
			丏
			丒
			丩
			丫
			丬
			丮
			乀
			乇
			么
			乑
			乚
			乩
			亝
			亹
			亻
			亼
			仃
			仈
			仐
			仚
			仫
			仱
			仵
			伀
			伖
			伷
			伾
			佔
			佘
			佤
			佷
			佸
			佺
			佽
			侂
			侅
			侒
			侚
			侲
			侾
			俅
			俋
			俏
			俒
			俦
			俲
			倀
			倐
			倓
			倜
			倞
			倢
			偂
			偆
			偎
			偓
			偗
			偣
			偦
			偪
			偰
			傈
			傒
			傓
			傕
			傖
			傜
			傣
			傪
			傱
			傺
			傻
			僄
			僇
			僎
			僔
			僙
			僡
			僩
			僳
			儈
			儗
			儛
			兠
			关
			养
			冃
			冋
			冘
			冣
			冭
			冼
			凳
			凴
			刂
			划
			刖
			剕
			剜
			剬
			剷
			劂
			劄
			劘
			劤
			劦
			劯
			劺
			劻
			勊
			勑
			勷
			匊
			匋
			匤
			匵
			匾
			卂
			卧
			卬
			卺
			厤
			厴
			厷
			叀
			叕
			叚
			叴
			叵
			吤
			吨
			呃
			呕
			呢
			呦
			呬
			咊
			咍
			咕
			咠
			咦
			咭
			咮
			咷
			咺
			咿
			哃
			哬
			哯
			哱
			哳
			唀
			唁
			唉
			唼
			啁
			啇
			啊
			啠
			啡
			啤
			啽
			喂
			喈
			喑
			喿
			嗉
			嗌
			嗑
			嗒
			嗝
			嗢
			嗩
			嘇
			嘐
			嘨
			嘰
			嘷
			嘽
			嘿
			噀
			噇
			噞
			噠
			噭
			嚈
			嚌
			嚕
			嚚
			嚝
			嚨
			嚭
			嚲
			囅
			囍
			囟
			囨
			囶
			囷
			圕
			圣
			圩
			坅
			坆
			坌
			坍
			坨
			坯
			坳
			坴
			坵
			坻
			垚
			垝
			垞
			垨
			垬
			埌
			埗
			埞
			埦
			埰
			埸
			埻
			埽
			堄
			堞
			堠
			堧
			堲
			堹
			塉
			塌
			塧
			墊
			墋
			墍
			墏
			墐
			墔
			墝
			墪
			墱
			壃
			壍
			壢
			壳
			壴
			夅
			夆
			夋
			复
			夔
			夤
			夽
			奆
			奛
			奟
			奵
			奶
			奼
			妟
			妮
			妼
			姈
			姍
			姞
			姣
			姤
			姧
			姮
			娌
			娍
			娗
			娧
			娭
			婕
			婥
			婺
			媋
			媜
			媟
			媠
			媢
			媱
			媳
			媵
			媺
			媿
			嫚
			嫜
			嫠
			嫥
			嫮
			嫰
			嫵
			嬀
			嬈
			嬗
			嬭
			嬴
			孌
			孒
			孨
			孯
			孼
			孿
			宁
			宄
			宖
			宬
			寀
			寎
			寖
			寱
			寽
			尃
			尩
			尰
			屟
			屣
			屧
			屨
			屩
			屰
			屼
			岈
			岊
			岠
			岢
			岦
			岧
			岭
			岵
			峉
			崆
			崐
			崝
			崠
			崤
			崦
			崫
			崱
			崹
			嵂
			嵡
			嵪
			嵰
			嶈
			嶒
			嶔
			嶗
			嶙
			嶰
			嶲
			嶴
			嶹
			巑
			巗
			巘
			巠
			巤
			巩
			帀
			帒
			帕
			帟
			帮
			帾
			幉
			幖
			幫
			幬
			幭
			幮
			庥
			庪
			庬
			庹
			庿
			廆
			廒
			廙
			廽
			弈
			弎
			弜
			弞
			彇
			彣
			彲
			彾
			徏
			徢
			徤
			徸
			忄
			忇
			忋
			忒
			忓
			忔
			忢
			忮
			忯
			忳
			忼
			怗
			怢
			怤
			恌
			恿
			悊
			悕
			您
			悰
			悱
			悾
			惈
			惙
			惛
			惮
			惲
			惵
			愐
			愒
			愓
			愙
			愞
			愺
			慁
			慆
			慠
			慼
			憒
			憓
			憗
			憘
			憥
			憨
			憭
			懕
			懝
			懟
			懵
			戕
			戣
			戩
			扆
			扌
			扑
			扒
			扡
			扤
			扭
			扳
			扻
			抙
			抦
			拕
			拽
			挃
			挍
			挐
			挲
			挵
			挻
			挼
			捁
			捄
			捎
			捙
			捬
			掄
			掔
			掙
			掽
			揔
			揕
			揜
			揠
			揫
			揬
			揲
			揷
			搉
			搞
			搥
			搩
			搯
			摚
			摛
			摝
			摳
			摽
			撇
			撑
			撝
			撟
			擋
			擌
			擕
			擗
			擤
			擥
			擿
			攄
			攏
			攔
			攖
			攞
			攲
			敄
			敔
			敫
			敺
			斁
			斄
			斅
			斊
			斲
			斵
			斸
			斿
			旂
			旉
			旔
			旲
			旹
			旼
			昄
			昈
			昡
			昪
			晅
			晎
			晑
			晗
			晛
			晣
			晪
			晫
			晬
			晭
			晻
			暀
			暐
			暒
			暙
			暭
			暱
			暵
			暿
			曬
			朁
			朅
			朒
			朙
			杌
			杍
			杔
			杝
			杴
			杶
			枒
			枰
			枲
			柃
			柈
			柒
			柙
			柛
			柰
			柷
			栐
			栘
			栟
			栭
			栳
			栻
			栾
			桄
			桅
			桉
			桌
			桕
			桗
			桫
			桮
			桺
			桼
			梂
			梐
			梖
			梘
			梙
			梚
			梜
			梪
			梫
			梴
			梻
			棃
			棅
			棌
			棏
			棖
			棙
			棤
			棥
			棬
			棷
			棻
			椃
			椇
			椻
			楆
			楩
			楬
			楲
			楺
			楿
			榒
			榖
			榘
			榦
			榰
			榷
			榺
			榼
			槀
			槑
			槖
			槣
			槮
			槯
			槳
			槴
			槾
			樑
			樚
			樝
			樰
			樲
			樳
			樴
			樿
			橆
			橉
			橎
			橒
			橤
			橺
			橾
			檃
			檋
			檑
			檟
			檡
			檫
			檽
			櫆
			櫐
			櫔
			櫜
			櫝
			櫬
			櫱
			櫲
			櫳
			櫽
			欋
			欏
			欐
			欑
			欗
			欯
			歊
			歘
			歬
			歵
			歺
			殁
			殛
			殮
			殽
			殾
			毇
			毈
			毉
			毚
			毦
			毧
			毮
			毱
			氂
			氊
			氎
			氵
			氶
			氺
			氿
			汍
			汛
			汧
			汭
			沄
			沉
			沔
			沕
			沗
			沭
			泂
			泐
			泖
			泚
			泜
			泩
			泬
			泭
			洀
			洊
			洤
			洦
			洧
			洯
			洴
			洼
			浛
			浞
			浠
			浰
			涀
			涁
			涊
			涍
			涑
			涘
			涫
			涮
			涴
			淂
			淈
			淎
			淏
			淐
			淟
			淩
			淶
			渗
			渞
			渢
			渧
			渲
			渶
			渼
			湈
			湉
			湋
			湌
			湏
			湑
			湓
			湔
			湗
			湣
			溓
			溧
			溴
			溿
			滃
			滊
			滙
			滫
			滹
			滻
			漊
			漌
			漘
			漥
			漵
			漶
			漼
			潒
			潗
			潚
			潠
			潨
			潽
			澐
			澖
			澘
			澟
			澥
			澯
			澵
			澾
			濈
			濉
			濚
			濞
			濩
			濼
			瀀
			瀇
			瀊
			瀣
			瀹
			瀺
			瀼
			灃
			灇
			灋
			灔
			灥
			灩
			灬
			灮
			灶
			灾
			炁
			炆
			炕
			炗
			炟
			炱
			炻
			烊
			烑
			烓
			烜
			烬
			焃
			焄
			焆
			焇
			焈
			焌
			焯
			焱
			煊
			煐
			煓
			煞
			熀
			熖
			熛
			熠
			熢
			熮
			熯
			熳
			燋
			燓
			燙
			燜
			爇
			爫
			爴
			爸
			爹
			牂
			牓
			牗
			牣
			牮
			牯
			牸
			牿
			犎
			犭
			犮
			犰
			犱
			狁
			狌
			狳
			狺
			猇
			猒
			猘
			猙
			猬
			猱
			猳
			猹
			猽
			獒
			獫
			獬
			獮
			獯
			獱
			獷
			玁
			玅
			玊
			玔
			玘
			玜
			玞
			玥
			玨
			玵
			玷
			玹
			玼
			玿
			珅
			珋
			珡
			珧
			珹
			珺
			琁
			琓
			琤
			琱
			琹
			瑀
			瑃
			瑍
			瑒
			瑓
			瑝
			瑱
			璁
			璅
			璈
			璒
			璗
			璙
			璠
			璡
			璥
			璪
			璫
			璹
			璺
			璻
			瓖
			瓘
			瓞
			瓫
			瓯
			瓺
			甠
			甤
			甪
			甽
			甾
			畀
			畈
			畎
			畐
			畒
			畬
			畱
			畲
			畺
			畽
			畾
			疁
			疌
			疢
			疰
			疷
			疿
			痀
			痆
			痏
			痓
			痝
			痟
			痠
			痧
			痬
			痮
			痱
			痹
			瘃
			瘇
			瘏
			瘓
			瘘
			瘛
			瘜
			瘥
			瘨
			瘳
			瘼
			癁
			癉
			癕
			癮
			皕
			皜
			皠
			皡
			皧
			皨
			皯
			盉
			盨
			盬
			眗
			眚
			眭
			眵
			睘
			睠
			睪
			睲
			睼
			睽
			瞚
			瞟
			瞢
			瞤
			瞩
			矞
			矟
			矤
			矦
			矪
			矬
			矰
			矴
			矻
			砅
			砆
			砉
			砍
			砙
			砡
			砬
			硇
			硤
			硪
			碊
			碔
			碝
			碞
			碟
			碤
			碻
			磈
			磌
			磎
			磕
			磠
			磡
			磦
			磹
			磺
			磻
			磾
			礐
			礛
			礥
			礰
			礻
			祊
			祘
			祛
			祧
			祲
			禔
			禕
			禖
			禛
			禡
			禩
			禴
			离
			秂
			秇
			秌
			种
			秖
			稊
			稑
			稕
			稛
			稞
			稭
			稸
			穇
			穌
			穖
			穙
			穜
			穟
			穠
			穧
			穪
			穵
			穸
			窂
			窊
			窐
			窣
			窬
			窹
			窼
			窾
			竌
			竑
			竧
			竨
			竴
			笇
			笧
			笪
			笮
			笯
			笱
			笽
			筁
			筕
			筤
			筦
			筩
			筳
			筹
			筿
			箐
			箑
			箛
			箯
			箵
			箼
			篅
			篊
			篔
			篖
			篚
			篪
			篰
			簃
			簋
			簎
			簏
			簦
			籅
			籊
			籑
			籗
			籞
			籡
			籩
			籮
			籯
			籰
			粦
			粶
			粷
			粿
			糄
			糈
			糍
			糗
			糦
			糫
			糵
			紃
			紉
			紒
			紞
			紽
			紾
			絀
			絇
			絙
			絚
			絪
			絰
			絿
			綆
			綈
			綌
			綗
			綝
			綧
			綪
			綶
			綷
			緀
			緗
			緙
			緦
			緱
			緹
			縐
			縗
			縝
			縠
			縧
			縬
			繅
			繳
			繵
			繾
			纆
			纇
			纑
			纘
			纚
			缻
			缼
			缾
			罃
			罄
			罏
			罒
			罡
			罣
			罤
			罭
			罽
			罾
			羐
			羖
			羜
			羭
			翃
			翏
			翣
			翥
			翯
			翲
			耂
			耈
			耊
			耎
			耑
			耖
			耤
			耬
			耰
			聃
			聦
			聱
			聵
			聻
			肙
			肜
			肤
			肧
			肸
			胅
			胕
			胘
			胦
			胵
			胻
			脍
			脖
			脞
			脤
			脧
			脬
			脵
			脽
			腩
			膁
			膄
			膅
			膘
			膲
			臁
			臃
			臖
			臛
			臤
			臬
			臽
			臿
			舄
			舙
			舡
			舢
			舲
			舴
			舼
			艅
			艆
			艉
			艋
			艏
			艗
			艜
			艣
			艹
			艽
			艿
			芃
			芊
			芓
			芧
			芨
			芲
			芴
			芺
			芼
			苢
			苨
			苷
			茇
			茈
			茌
			茛
			茝
			茰
			茼
			荄
			荔
			荗
			荣
			荿
			莍
			莔
			莕
			莛
			莝
			菉
			菐
			菔
			菝
			菥
			菹
			萏
			萑
			萕
			萗
			萹
			葊
			葏
			葑
			葒
			葙
			葚
			葜
			葥
			葶
			葸
			葼
			蒁
			蒗
			蒦
			蒾
			蓎
			蓏
			蓓
			蓜
			蓧
			蓪
			蓯
			蓰
			蓱
			蓺
			蓽
			蔌
			蔛
			蔤
			蔥
			蔫
			蔴
			蔾
			蕏
			蕑
			蕓
			蕞
			蕡
			蕢
			蕯
			蕻
			蕽
			蕿
			薁
			薆
			薓
			薝
			薟
			薷
			薼
			藇
			藊
			藘
			藙
			藟
			藡
			藦
			藶
			蘀
			蘑
			蘞
			蘡
			蘤
			蘧
			蘹
			蘼
			虀
			虓
			虖
			虯
			虷
			虺
			蚇
			蚉
			蚍
			蚑
			蚜
			蚝
			蚨
			蚱
			蚳
			蛁
			蛃
			蛑
			蛕
			蛗
			蛣
			蛦
			蜅
			蜇
			蜎
			蜐
			蜓
			蜙
			蜟
			蜡
			蜣
			蜱
			蜺
			蜾
			蝀
			蝃
			蝑
			蝘
			蝤
			蝥
			蝲
			蝼
			螉
			螋
			螓
			螠
			螧
			螾
			蟁
			蟎
			蟟
			蟣
			蟥
			蟦
			蟪
			蟫
			蟭
			蟵
			蠁
			蠃
			蠋
			蠓
			蠨
			蠮
			蠲
			蠼
			衊
			衘
			衟
			衤
			衩
			衯
			袠
			袼
			袽
			袾
			裀
			裑
			裒
			裓
			裛
			裰
			裱
			褁
			褷
			襂
			襅
			襉
			襢
			覀
			覉
			覐
			覟
			覰
			覷
			觖
			觘
			觫
			觱
			觳
			觽
			觿
			訑
			訔
			訡
			訵
			訾
			詅
			詍
			詘
			誐
			誮
			誷
			誾
			諗
			諼
			謅
			謊
			謍
			謜
			謟
			謭
			譃
			譑
			譞
			譶
			譿
			讁
			讋
			讔
			讕
			讜
			讞
			谹
			谽
			豅
			豇
			豏
			豔
			豗
			豩
			豭
			豳
			貒
			貓
			貙
			貛
			貤
			賕
			賖
			賙
			賰
			賱
			贉
			贎
			赬
			趄
			趕
			趦
			跆
			跈
			跙
			跬
			跽
			踆
			踌
			踔
			踖
			踡
			踢
			踧
			踶
			踹
			蹋
			蹔
			蹢
			蹬
			蹭
			蹯
			躘
			躞
			躮
			躳
			躵
			躶
			躻
			軑
			軔
			軹
			輀
			輈
			輗
			輫
			轀
			轊
			轘
			辤
			辴
			辶
			迁
			迆
			迊
			迍
			迓
			迕
			迠
			迱
			迵
			迻
			适
			逌
			逷
			遃
			遄
			遝
			邅
			邌
			邐
			邡
			邰
			邶
			郃
			郈
			郜
			郟
			郫
			郲
			郶
			郾
			郿
			鄀
			鄄
			鄆
			鄘
			鄜
			鄞
			鄷
			鄹
			鄺
			酆
			酇
			酗
			酙
			酡
			酤
			酴
			酹
			醅
			醎
			醨
			醮
			醳
			醶
			釃
			釄
			釚
			釬
			釮
			鈁
			鈊
			鈖
			鈗
			鈳
			鉂
			鉇
			鉊
			鉎
			鉑
			鉖
			鉙
			鉠
			鉡
			鉥
			鉧
			鉨
			鉼
			鉽
			鉿
			銉
			銍
			銗
			銙
			銟
			銧
			銫
			銲
			銿
			鋀
			鋆
			鋎
			鋐
			鋗
			鋙
			鋥
			鋧
			鋷
			鋹
			鋻
			錂
			錍
			錑
			錕
			錝
			錞
			錧
			錩
			鍇
			鍑
			鍗
			鍚
			鍫
			鍱
			鍳
			鎈
			鎋
			鎏
			鎞
			鎡
			鏁
			鏇
			鏜
			鏢
			鏧
			鏱
			鏵
			鏻
			鐉
			鐏
			鐖
			鐗
			鐲
			鐴
			鐻
			鑅
			鑭
			鑯
			镸
			镹
			閆
			閌
			閍
			閫
			閴
			闈
			阝
			阬
			阳
			阴
			阼
			陁
			陡
			隂
			隚
			隩
			隯
			隳
			隺
			隽
			雘
			雚
			雝
			霔
			霣
			霶
			靁
			靇
			靕
			靗
			靛
			靪
			鞖
			鞚
			鞞
			鞢
			鞱
			鞲
			鞾
			韌
			韑
			韔
			韘
			韙
			韡
			韱
			頄
			頍
			頎
			頔
			頖
			頣
			頥
			頲
			頳
			顇
			顦
			颫
			颭
			颰
			颷
			颸
			颻
			颼
			颿
			飂
			飇
			飋
			飠
			飡
			飣
			飥
			飪
			飰
			飱
			飳
			餈
			餖
			餗
			餚
			餛
			餜
			餱
			餲
			餳
			餺
			餻
			餼
			饀
			饁
			饆
			饍
			饎
			饜
			饟
			饠
			馣
			馦
			馹
			馽
			馿
			駃
			駉
			駔
			駙
			駞
			駰
			駹
			駼
			騊
			騑
			騖
			騚
			騠
			騱
			騶
			驄
			驌
			驘
			骯
			骷
			骹
			髆
			髐
			髒
			髕
			髜
			髠
			髥
			髩
			鬃
			鬌
			鬐
			鬒
			鬖
			鬜
			鬫
			鬳
			鬽
			魋
			魣
			魥
			魫
			魬
			魳
			魶
			魷
			鮦
			鮬
			鮱
			鮲
			鮸
			鮾
			鯇
			鯘
			鯝
			鯧
			鯪
			鯫
			鯮
			鯯
			鯳
			鯷
			鯺
			鰖
			鰘
			鰙
			鰚
			鰝
			鰢
			鰧
			鰩
			鰪
			鰱
			鰶
			鰷
			鱅
			鱉
			鱊
			鱔
			鱘
			鱛
			鱜
			鱝
			鱟
			鱩
			鱪
			鱫
			鱭
			鱮
			鱰
			鱲
			鱵
			鱺
			鳦
			鳲
			鴂
			鴋
			鴑
			鴗
			鴘
			鴲
			鵂
			鵊
			鵟
			鵢
			鵩
			鵫
			鵳
			鵶
			鵷
			鵾
			鶄
			鶍
			鶙
			鶡
			鶵
			鶹
			鶽
			鶿
			鷃
			鷇
			鷉
			鷖
			鷚
			鷟
			鷠
			鷣
			鷴
			鸂
			鸊
			鸍
			鸙
			鸜
			鸝
			鹻
			麀
			麅
			麛
			麨
			麽
			黟
			黧
			黮
			黿
			鼂
			鼃
			鼗
			鼙
			鼯
			鼷
			鼺
			鼽
			齁
			齅
			齆
			齓
			齕
			齘
			齝
			齩
			齭
			齰
			齵
			﨓
			蘒
			﨡
			﨤
			爫
			縉
			艹
			艹
			辶
			𠂉
			𠂢
			𠂤
			𠆢
			𠈓
			𠌫
			𠍱
			𠎁
			𠏹
			𠑊
			𠔉
			𠗖
			𠘨
			𠝏
			𠠇
			𠠺
			𠢹
			𠥼
			𠦝
			𠫓
			𠬝
			𠵅
			𠷡
			𠹤
			𠹭
			𠺕
			𠽟
			𡈁
			𡉕
			𡉴
			𡉻
			𡋗
			𡋤
			𡋽
			𡌶
			𡍄
			𡏄
			𡑭
			𡗗
			𡙇
			𡜆
			𡝂
			𡧃
			𡱖
			𡴭
			𡵅
			𡵢
			𡵸
			𡶒
			𡶜
			𡶡
			𡶷
			𡷠
			𡸳
			𡼞
			𡽶
			𡿺
			𢅻
			𢈘
			𢌞
			𢎭
			𢛳
			𢡛
			𢢫
			𢦏
			𢪸
			𢭆
			𢭏
			𢭐
			𢮦
			𢰝
			𢰤
			𢷡
			𣆶
			𣇃
			𣇵
			𣍲
			𣏐
			𣏒
			𣏓
			𣏕
			𣏚
			𣏟
			𣏤
			𣑊
			𣑋
			𣑑
			𣑥
			𣓤
			𣕚
			𣖔
			𣘸
			𣘹
			𣘺
			𣙇
			𣜌
			𣜜
			𣝤
			𣟧
			𣟿
			𣠤
			𣠽
			𣪘
			𣱿
			𣴀
			𣴎
			𣵀
			𣷓
			𣷹
			𣷺
			𣽾
			𤂖
			𤄃
			𤇆
			𤇾
			𤎼
			𤘩
			𤚥
			𤢖
			𤩍
			𤭖
			𤭯
			𤰖
			𤴔
			𤸎
			𤸷
			𤹪
			𤺋
			𥁊
			𥁕
			𥄢
			𥆩
			𥇍
			𥇥
			𥈞
			𥉌
			𥐮
			𥓙
			𥖧
			𥞩
			𥞴
			𥧔
			𥫣
			𥫤
			𥫱
			𥮲
			𥱋
			𥱤
			𥸮
			𥹖
			𥹢
			𥹥
			𥻂
			𥻘
			𥻨
			𥼣
			𥽜
			𥿔
			𥿠
			𥿻
			𦀌
			𦀗
			𦁠
			𦃭
			𦉰
			𦊆
			𦍌
			𦐂
			𦙾
			𦚰
			𦜝
			𦣝
			𦣪
			𦥑
			𦥯
			𦧝
			𦨞
			𦩘
			𦪌
			𦪷
			𦰩
			𦱳
			𦳝
			𦹥
			𦾔
			𦿶
			𦿷
			𦿸
			𧄍
			𧄹
			𧏚
			𧏛
			𧏾
			𧐐
			𧑉
			𧘔
			𧘕
			𧘱
			𧚓
			𧜎
			𧜣
			𧝒
			𧦅
			𧪄
			𧮳
			𧮾
			𧯇
			𧲸
			𧶠
			𧸐
			𧾷
			𨂊
			𨂻
			𨊂
			𨋳
			𨐌
			𨑕
			𨕫
			𨗈
			𨗉
			𨛗
			𨛺
			𨥆
			𨥉
			𨥫
			𨦇
			𨦈
			𨦺
			𨦻
			𨨞
			𨨩
			𨩃
			𨩱
			𨪙
			𨫍
			𨫝
			𨫤
			𨯁
			𨯯
			𨴐
			𨵱
			𨷻
			𨸟
			𨸶
			𨺉
			𨻫
			𨼲
			𨿸
			𩊠
			𩊱
			𩒐
			𩗏
			𩙿
			𩛰
			𩜙
			𩝐
			𩣆
			𩩲
			𩷛
			𩸕
			𩸽
			𩹉
			𩺊
			𩻄
			𩻛
			𩻩
			𩿎
			𪀚
			𪀯
			𪂂
			𪃹
			𪎌
			𪐷
			𪗱
			𪘂
			𪘚
			𪚲
